"CBSA Code","CBSA","CO 2nd Max 1-hr","CO 2nd Max 8-hr","NO2 98th Percentile 1-hr","NO2 Mean 1-hr","Ozone 2nd Max 1-hr","Ozone 4th Max 8-hr","SO2 99th Percentile 1-hr","SO2 2nd Max 24-hr","SO2 Mean 1-hr","PM2.5 98th Percentile 24-hr","PM2.5 Weighted Mean 24-hr","PM10 2nd Max 24-hr","PM10 Mean 24-hr","Lead Max 3-Mo Avg"
"10100","Aberdeen, SD",".",".",".",".",".",".",".",".",".",".",".","37","18","."
"10300","Adrian, MI",".",".",".",".","0.08","0.068",".",".",".","23","8.8",".",".","."
"10420","Akron, OH","1.4","0.8",".",".","0.07","0.061","21","7","2","24","10.8",".",".","."
"10580","Albany-Schenectady-Troy, NY","1.3","0.7",".",".","0.07","0.061","8","4","2","19","7.3",".",".","."
"10740","Albuquerque, NM","2.8","1.2","42","12","0.08","0.064","6","2","1","23","7.4","152","36","0"
"10780","Alexandria, LA",".",".",".",".",".",".",".",".",".","16","7.7",".",".","."
"10900","Allentown-Bethlehem-Easton, PA-NJ","1.6","1.1","50","13","0.08","0.068","78","15","1","30","10.7","52","17","0.15"
"11020","Altoona, PA",".",".",".",".","0.08","0.06",".",".",".","25","11.1","34","14","."
"11100","Amarillo, TX",".",".",".",".","0.07","0.066","19","3","0",".",".",".",".","0"
"11140","Americus, GA",".",".",".",".","0.07","0.059",".",".",".",".",".",".",".","."
"11180","Ames, IA",".",".",".",".","0.07","0.062",".",".",".",".",".",".",".","."
"11260","Anchorage, AK","4.8","2.8",".",".","0.05","0.044",".",".",".","40","8","213","22","."
"11460","Ann Arbor, MI",".",".",".",".","0.08","0.07",".",".",".","25","9.8",".",".","."
"11540","Appleton, WI",".",".",".",".","0.08","0.07",".",".",".","24","8.6",".",".","."
"11620","Ardmore, OK",".",".",".",".","0.09","0.078",".",".",".",".",".",".",".","."
"11640","Arecibo, PR",".",".",".",".",".",".",".",".",".",".",".",".",".","2.04"
"11660","Arkadelphia, AR",".",".",".",".","0.07","0.059",".",".",".",".",".",".",".","."
"11700","Asheville, NC",".",".",".",".","0.08","0.067",".",".",".","21","8.7",".",".","."
"11780","Ashtabula, OH",".",".",".",".","0.08","0.069","17","6","2",".",".",".",".","."
"11900","Athens, OH",".",".",".",".",".",".",".",".",".","18","7.8",".",".","."
"11940","Athens, TN",".",".",".",".","0.07","0.062",".",".",".",".",".",".",".","."
"12020","Athens-Clarke County, GA",".",".",".",".","0.07","0.063",".",".",".","24","10.3",".",".","."
"12060","Atlanta-Sandy Springs-Roswell, GA","2.1","1.7","53","11","0.1","0.079","6","3","1","28","12.1","61","18","."
"12100","Atlantic City-Hammonton, NJ",".",".",".",".","0.07","0.061","7","3","0","20","8.1",".",".","."
"12260","Augusta-Richmond County, GA-SC",".",".",".",".","0.08","0.062","58","8","2","19","10.3",".",".","."
"12300","Augusta-Waterville, ME",".",".",".",".","0.07","0.057",".",".",".",".",".","33","13","."
"12420","Austin-Round Rock, TX","0.5","0.3","31","5","0.08","0.063","5","2","0","22","10","78","26","."
"12540","Bakersfield, CA","1.9","1.1","55","13","0.11","0.089",".",".",".","80","18.6","104","24","."
"12580","Baltimore-Columbia-Towson, MD","1.8","1.3","52","18","0.09","0.07","26","7","1","23","11.1","29","14","."
"12620","Bangor, ME",".",".",".",".","0.07","0.054",".",".",".",".",".",".",".","."
"12660","Baraboo, WI",".",".",".",".","0.08","0.064",".",".",".","21","7.8","28","10","."
"12700","Barnstable Town, MA",".",".",".",".","0.07","0.059",".",".",".",".",".",".",".","."
"12940","Baton Rouge, LA","4.9","1.3","49","11","0.09","0.075","25","10","2","22","10","72","24","."
"13020","Bay City, MI",".",".",".",".",".",".",".",".",".","21","8.2",".",".","."
"13140","Beaumont-Port Arthur, TX","0.6","0.4","33","6","0.09","0.068","57","19","1",".",".",".",".","."
"13180","Beaver Dam, WI","0.4","0.4",".",".","0.08","0.071","6","4","0","27","8.5","30","12","."
"13340","Bellefontaine, OH",".",".",".",".",".",".",".",".",".",".",".",".",".","0"
"13380","Bellingham, WA",".",".",".",".","0.06","0.047",".",".",".","18","7.7",".",".","."
"13460","Bend-Redmond, OR",".",".",".",".","0.07","0.06",".",".",".",".",".",".",".","."
"13540","Bennington, VT",".",".",".",".","0.07","0.061",".",".",".","13","6.3",".",".","."
"13620","Berlin, NH-VT",".",".",".",".","0.07","0.065",".",".",".",".",".",".",".","."
"13740","Billings, MT",".",".",".",".",".",".","93","22","3",".",".",".",".","."
"13820","Birmingham-Hoover, AL","13.8","2.4","51","14","0.08","0.065","17","5","2","26","11.7","98","25","0.03"
"13860","Bishop, CA",".",".",".",".","0.08","0.069",".",".",".","29","7.9","577","28","."
"13900","Bismarck, ND",".",".","34","6","0.07","0.06","17","3","1","16","6.7","67","14","."
"13980","Blacksburg-Christiansburg-Radford, VA",".",".",".",".","0.07","0.062",".",".",".",".",".",".",".","."
"14010","Bloomington, IL",".",".",".",".","0.07","0.066",".",".",".",".",".",".",".","."
"14020","Bloomington, IN",".",".",".",".","0.07","0.064",".",".",".","27","10",".",".","."
"14260","Boise City, ID","4.4","2.1",".",".","0.08","0.065","5","3","1",".",".","61","18","0"
"14380","Boone, NC",".",".",".",".",".",".",".",".",".","14","7.2",".",".","."
"14460","Boston-Cambridge-Newton, MA-NH","1.7","1.1","53","17","0.08","0.07","32","7","1","19","10.1","66","16","0"
"14500","Boulder, CO",".",".",".",".","0.09","0.07",".",".",".","26","7.5","55","24","."
"14540","Bowling Green, KY","0.3","0.3",".",".","0.07","0.065","11","4","1","21","9.4",".",".","."
"14580","Bozeman, MT","3.5","0.9","28","2",".",".",".",".",".",".",".",".",".","."
"14660","Brainerd, MN",".",".",".",".","0.07","0.057",".",".",".","18","5.1",".",".","."
"14700","Branson, MO",".",".",".",".","0.06","0.058",".",".",".",".",".",".",".","."
"14740","Bremerton-Silverdale, WA",".",".",".",".",".",".",".",".",".","12","4.7",".",".","."
"14860","Bridgeport-Stamford-Norwalk, CT","2.4","1.4","48","9","0.11","0.081","8","5","1","25","8.7","35","18","."
"15100","Brookings, SD",".",".",".",".","0.07","0.061",".",".",".",".",".","65","17","."
"15180","Brownsville-Harlingen, TX","1.1","0.7",".",".","0.07","0.06",".",".",".",".",".",".",".","."
"15260","Brunswick, GA",".",".",".",".","0.07","0.057",".",".",".",".",".",".",".","."
"15380","Buffalo-Cheektowaga-Niagara Falls, NY","1.6","1.3",".","9","0.07","0.063","8","5","1",".",".",".",".","."
"15500","Burlington, NC",".",".",".",".",".",".",".",".",".","16","8.1",".",".","."
"15540","Burlington-South Burlington, VT","1.6","0.6",".","7","0.07","0.059",".",".",".","17","6.7","20","7","."
"15580","Butte-Silver Bow, MT",".",".",".",".",".",".",".",".",".","38","9.1","57","20","."
"15620","Cadillac, MI",".",".","8","1","0.07","0.066",".",".",".","16","5.6",".",".","."
"15700","Cambridge, MD","0.4","0.3",".",".","0.08","0.065","8","5","1","19","8.6",".",".","."
"15860","Ca¤on City, CO",".",".",".",".",".",".",".",".",".",".",".","47","18","."
"15940","Canton-Massillon, OH","1.5","1.1",".",".","0.08","0.065",".",".",".","25","11.6",".",".","."
"15980","Cape Coral-Fort Myers, FL",".",".",".",".","0.07","0.063",".",".",".","13","6","49","14","."
"16100","Carlsbad-Artesia, NM",".",".","20","3","0.08","0.072",".",".",".",".",".",".",".","."
"16180","Carson City, NV",".",".",".",".","0.08","0.068",".",".",".","18","5.5",".",".","."
"16220","Casper, WY",".",".","38","5","0.07","0.061","33","20","2","14","4.7","32","14","."
"16300","Cedar Rapids, IA","1.5","0.9",".",".","0.07","0.061","113","59","3","24","10","52","23","."
"16540","Chambersburg-Waynesboro, PA",".",".",".",".","0.07","0.063",".",".",".",".",".",".",".","0.01"
"16580","Champaign-Urbana, IL","0.4","0.3",".",".","0.08","0.068","15","7","1",".",".",".",".","."
"16620","Charleston, WV",".",".",".",".","0.08","0.067","47","14","2","20","9.9",".",".","."
"16700","Charleston-North Charleston, SC",".",".",".","7","0.07","0.06","11","3","0","18","9.1","30","15","."
"16740","Charlotte-Concord-Gastonia, NC-SC","1.7","1.3","41","9","0.09","0.068","6","2","0","20","9.2","39","17","0"
"16820","Charlottesville, VA",".",".",".",".",".",".",".",".",".","15","7.4",".",".","."
"16860","Chattanooga, TN-GA",".",".",".",".","0.08","0.067",".",".",".","23","10.4","24","13","."
"16940","Cheyenne, WY","0.4","0.3",".","4","0.07","0.065","4","1","0","12","3.8","31","11","."
"16980","Chicago-Naperville-Elgin, IL-IN-WI","5.3","1.9","67","21","0.09","0.076","53","12","2","34","14.7","80","28","0.15"
"17020","Chico, CA","2.9","1.4","37","7","0.09","0.074",".",".",".","26","8.8",".",".","."
"17140","Cincinnati, OH-KY-IN","1.1","1.1","59","23","0.09","0.073","71","17","2","28","13.3","75","32","0.01"
"17200","Claremont-Lebanon, NH-VT",".",".",".",".","0.08","0.062",".",".",".","15","6.3",".",".","."
"17220","Clarksburg, WV",".",".",".",".",".",".",".",".",".","18","8.7",".",".","."
"17300","Clarksville, TN-KY",".",".",".",".","0.07","0.066","34","8","2","22","9.4","26","16","."
"17340","Clearlake, CA",".",".",".",".","0.07","0.061",".",".",".","14","4.1","22","9","."
"17380","Cleveland, MS",".",".",".",".","0.07","0.06",".",".",".",".",".",".",".","."
"17460","Cleveland-Elyria, OH","7.1","3.7","48","12","0.08","0.075","80","22","4","27","12.5","93","38","0.03"
"17540","Clinton, IA",".",".",".",".","0.07","0.065","22","7","1","28","10.4",".",".","."
"17640","Coco, PR",".",".",".",".",".",".","27","6","1",".",".",".",".","0.01"
"17820","Colorado Springs, CO","3.4","2.2",".",".","0.07","0.064","57","12","3","13","5.8","41","20","."
"17860","Columbia, MO",".",".",".",".","0.07","0.064",".",".",".",".",".",".",".","."
"17900","Columbia, SC","1","0.7",".",".","0.08","0.065","15","3","0","15","9.3","41","17","0"
"17980","Columbus, GA-AL",".",".",".",".","0.07","0.061",".",".",".","20","10.7",".",".","."
"18020","Columbus, IN",".",".","22","3","0.08","0.067","17","6","2",".",".",".",".","."
"18140","Columbus, OH","1.8","1.3","51","12","0.08","0.07","17","6","0","24","10.9","46","23","."
"18180","Concord, NH",".",".",".",".","0.08","0.061","26","5","1","16","6.5",".",".","."
"18260","Cookeville, TN",".",".",".",".",".",".",".",".",".","21","8.7",".",".","."
"18500","Corning, NY","0.2","0.2",".",".","0.06","0.058","10","4","0","15","6.1",".",".","."
"18580","Corpus Christi, TX",".",".",".",".","0.07","0.066","5","2","0","24","10.1","67","24","."
"18620","Corsicana, TX",".",".","26","2","0.07","0.06","41","6","1",".",".",".",".","."
"18780","Craig, CO",".",".",".",".","0.07","0.062",".",".",".",".",".",".",".","."
"18880","Crestview-Fort Walton Beach-Destin, FL",".",".",".",".","0.08","0.067",".",".",".",".",".","61","16","."
"19000","Cullowhee, NC",".",".",".",".","0.08","0.068",".",".",".","16","7.4",".",".","."
"19100","Dallas-Fort Worth-Arlington, TX","1.6","1.1","48","10","0.1","0.079","17","4","1","23","10.7","80","27","0.04"
"19140","Dalton, GA",".",".",".",".","0.08","0.067",".",".",".",".",".",".",".","."
"19300","Daphne-Fairhope-Foley, AL",".",".",".",".","0.08","0.07",".",".",".","17","8.9",".",".","."
"19340","Davenport-Moline-Rock Island, IA-IL","0.9","0.6","35","7","0.07","0.064","10","4","1","25","10.3","142","45","."
"19380","Dayton, OH","1.4","1",".",".","0.08","0.069","26","7","1","25","10.1","35","19","0.01"
"19460","Decatur, AL",".",".",".",".","0.07","0.062",".",".",".","21","9.3",".",".","."
"19500","Decatur, IL",".",".",".",".","0.07","0.067","38","21","2",".",".",".",".","0.05"
"19660","Deltona-Daytona Beach-Ormond Beach, FL",".",".",".",".","0.07","0.063",".",".",".",".",".","40","14","."
"19700","Deming, NM",".",".","30","3","0.07","0.06",".",".",".",".",".","258","27","."
"19740","Denver-Aurora-Lakewood, CO","3.2","2.4","77","25","0.1","0.077","18","6","1","30","9.9","97","31","0"
"19780","Des Moines-West Des Moines, IA","1.1","0.8","35","9","0.07","0.061","1","0","0","29","9.3","43","21","."
"19820","Detroit-Warren-Dearborn, MI","2","1.5","52","16","0.09","0.073","72","23","3","28","12","150","28","0.03"
"19860","Dickinson, ND",".",".",".",".","0.06","0.055","5","2","1","9","4.2",".",".","."
"19980","Dodge City, KS",".",".",".",".",".",".",".",".",".",".",".","61","12","."
"20020","Dothan, AL",".",".",".",".","0.07","0.059",".",".",".",".",".",".",".","."
"20100","Dover, DE",".",".",".",".","0.07","0.066",".",".",".","22","8.3",".",".","."
"20180","DuBois, PA",".",".",".",".","0.07","0.06",".",".",".",".",".",".",".","."
"20260","Duluth, MN-WI","1.1","0.7",".",".","0.07","0.057",".",".",".","18","8.4","86","28","0"
"20420","Durango, CO","1.3","1","24","5","0.08","0.067",".",".",".",".",".",".",".","."
"20460","Durant, OK",".",".",".",".","0.09","0.065",".",".",".",".",".",".",".","."
"20500","Durham-Chapel Hill, NC",".",".",".",".","0.08","0.065","7","2","0","15","7.8","28","13","."
"20700","East Stroudsburg, PA",".",".",".",".","0.07","0.06",".",".",".","18","8.8",".",".","."
"20740","Eau Claire, WI",".",".",".",".","0.07","0.061",".",".",".","21","8.2",".",".","."
"20820","Effingham, IL",".",".",".",".","0.07","0.063",".",".",".",".",".",".",".","."
"20940","El Centro, CA","5","3.8","47","12","0.1","0.078",".",".",".","47","17.6","375","62","0.03"
"20980","El Dorado, AR",".",".",".",".",".",".","32","8","2","21","9",".",".","."
"21060","Elizabethtown-Fort Knox, KY",".",".",".",".","0.07","0.062",".",".",".","23","10.4",".",".","."
"21140","Elkhart-Goshen, IN",".",".",".",".","0.06","0.055",".",".",".","38","15.1",".",".","."
"21220","Elko, NV",".",".",".",".",".",".",".",".",".",".",".","79","25","."
"21340","El Paso, TX","4.2","2.4","60","14","0.09","0.07","9","3","1","26","9.8","91","36","0.01"
"21500","Erie, PA","1.2","1",".","6","0.08","0.065",".",".",".","24","10.8",".",".","."
"21580","Espa¤ola, NM",".",".",".",".","0.07","0.065",".",".",".",".",".",".",".","."
"21660","Eugene, OR",".",".",".",".","0.07","0.058",".",".",".","41","10","44","15","."
"21700","Eureka-Arcata-Fortuna, CA","1.4","0.9","24","2","0.05","0.043","1","1","0","8","3.1","64","17","."
"21740","Evanston, WY",".",".","12","2","0.07","0.059",".",".",".",".",".","31","9","."
"21780","Evansville, IN-KY","5.4","3.2",".","9","0.08","0.07","77","18","3","31","12.2","35","17","."
"21820","Fairbanks, AK","5.5","2.9",".",".","0.05","0.044","40","26","7","35","10.5","74","22","."
"21900","Fairmont, WV",".",".",".",".",".",".",".",".",".","18","9.5",".",".","."
"21980","Fallon, NV",".",".",".",".","0.08","0.065",".",".",".",".",".",".",".","."
"22020","Fargo, ND-MN","0.5","0.3","34","4","0.07","0.059","3","1","0","17","6.7","72","16","."
"22100","Farmington, MO",".",".",".",".",".",".",".",".",".",".",".",".",".","0.05"
"22140","Farmington, NM",".",".","33","11","0.07","0.063","14","2","0","11","4",".",".","."
"22180","Fayetteville, NC",".",".",".",".","0.08","0.066",".",".",".","16","8.9","21","12","."
"22220","Fayetteville-Springdale-Rogers, AR-MO",".",".",".",".","0.07","0.062",".",".",".","21","8.7",".",".","."
"22280","Fernley, NV",".",".",".",".","0.08","0.067",".",".",".",".",".",".",".","."
"22380","Flagstaff, AZ",".",".",".",".","0.08","0.073",".",".",".",".",".",".",".","."
"22420","Flint, MI",".",".",".",".","0.07","0.068",".",".",".","24","8.9",".",".","."
"22500","Florence, SC",".",".",".",".","0.07","0.063",".",".",".","17","9.5",".",".","."
"22520","Florence-Muscle Shoals, AL",".",".",".",".","0.07","0.059",".",".",".","21","9.4",".",".","."
"22540","Fond du Lac, WI",".",".",".",".","0.08","0.067",".",".",".",".",".",".",".","."
"22660","Fort Collins, CO","2.6","1.4",".",".","0.09","0.074",".",".",".","20","6.5","43","19","."
"22800","Fort Madison-Keokuk, IA-IL-MO",".",".",".",".",".",".",".",".",".","25","10.7",".",".","."
"22840","Fort Payne, AL",".",".",".",".","0.07","0.062",".",".",".",".",".",".",".","."
"22900","Fort Smith, AR-OK",".",".","31","6","0.07","0.06",".",".",".","22","9.3","72","20","."
"23060","Fort Wayne, IN",".",".",".","5","0.07","0.063","13","4","0","32","13",".",".","."
"23420","Fresno, CA","2.8","2","57","12","0.12","0.097","5","2","0","71","16.4","118","41","0.01"
"23460","Gadsden, AL",".",".",".",".","0.07","0.059",".",".",".",".",".",".",".","."
"23500","Gaffney, SC",".",".",".",".","0.08","0.064",".",".",".",".",".",".",".","."
"23540","Gainesville, FL",".",".",".",".","0.07","0.06",".",".",".",".",".",".",".","."
"23580","Gainesville, GA",".",".",".",".",".",".",".",".",".","18","8.9",".",".","."
"23820","Gardnerville Ranchos, NV",".",".",".",".",".",".",".",".",".","26","8.2",".",".","."
"23860","Georgetown, SC",".",".",".",".",".",".",".",".",".",".",".","55","19","."
"23900","Gettysburg, PA","1.5","1.3","21","2","0.08","0.063",".",".",".",".",".",".",".","."
"23940","Gillette, WY",".",".","55","10","0.07","0.059","32","7","1","12","5.5","112","29","."
"24060","Glenwood Springs, CO",".",".","24","5","0.07","0.061",".",".",".","10","3.8","42","18","."
"24140","Goldsboro, NC",".",".",".",".",".",".",".",".",".","22","12.1",".",".","."
"24260","Grand Island, NE",".",".",".",".",".",".",".",".",".","14","6.5",".",".","."
"24300","Grand Junction, CO","1.7","0.9",".",".","0.07","0.063",".",".",".","21","7.4","45","19","."
"24340","Grand Rapids-Wyoming, MI","1.5","0.9",".",".","0.08","0.071","11","4","1","27","9.9","27","12","0.01"
"24420","Grants Pass, OR",".",".",".",".",".",".",".",".",".","26","7.4",".",".","."
"24540","Greeley, CO","2.7","1.7",".",".","0.08","0.07",".",".",".","32","8.1","60","21","."
"24580","Green Bay, WI",".",".",".",".","0.08","0.066","79","16","3","26","9.1",".",".","."
"24640","Greenfield Town, MA",".",".",".",".","0.07","0.058",".",".",".",".",".",".",".","."
"24660","Greensboro-High Point, NC",".",".",".",".","0.08","0.065",".",".",".","17","8.6","18","8","."
"24780","Greenville, NC",".",".",".",".","0.07","0.063",".",".",".","15","7.8",".",".","."
"24860","Greenville-Anderson-Mauldin, SC",".",".",".",".","0.07","0.062",".",".","0",".",".","44","14","."
"24940","Greenwood, SC",".",".",".",".",".",".",".",".",".",".",".",".",".","."
"25020","Guayama, PR",".",".",".",".",".",".",".",".",".",".",".","71","23","."
"25060","Gulfport-Biloxi-Pascagoula, MS",".",".","29","4","0.08","0.075","32","4","1",".",".",".",".","."
"25180","Hagerstown-Martinsburg, MD-WV",".",".",".",".","0.07","0.061",".",".",".","29","10.2",".",".","."
"25220","Hammond, LA",".",".",".",".",".",".",".",".",".","19","8.2",".",".","."
"25260","Hanford-Corcoran, CA",".",".","45","10","0.11","0.086",".",".",".","82","17.5","178","56","."
"25420","Harrisburg-Carlisle, PA",".",".",".",".","0.08","0.063",".",".",".","28","11.8",".",".","."
"25460","Harrison, AR",".",".",".",".","0.07","0.062",".",".",".",".",".",".",".","."
"25500","Harrisonburg, VA",".",".","42","9","0.06","0.058","7","3","1","22","8.7",".",".","."
"25540","Hartford-West Hartford-East Hartford, CT","1.8","1.4","51","14","0.11","0.08","7","4","1","22","8.1","25","10","."
"25740","Helena, MT","0.6","0.6",".",".","0.11","0.058","2","1","0","27","7.6",".",".","."
"25840","Hermiston-Pendleton, OR",".",".",".",".","0.07","0.064",".",".",".",".",".",".",".","."
"25860","Hickory-Lenoir-Morganton, NC",".",".",".",".","0.08","0.064",".",".",".","18","9.1","21","11","."
"25900","Hilo, HI",".",".",".",".",".",".","1135","227","24","22","11.7",".",".","."
"26020","Hobbs, NM",".",".",".",".","0.08","0.068",".",".",".",".",".",".",".","."
"26090","Holland, MI",".",".",".",".","0.09","0.077",".",".",".","23","8.7",".",".","."
"26300","Hot Springs, AR",".",".",".",".",".",".",".",".",".","24","9.1",".",".","."
"26380","Houma-Thibodaux, LA",".",".",".",".","0.08","0.067",".",".",".","16","7.5",".",".","."
"26420","Houston-The Woodlands-Sugar Land, TX","2.7","2","52","13","0.11","0.072","25","8","1","25","11.8","110","42","0"
"26540","Huntington, IN",".",".",".",".","0.07","0.056",".",".",".",".",".",".",".","."
"26580","Huntington-Ashland, WV-KY-OH",".",".","32","6","0.08","0.065","19","6","1","22","9.3","36","20","0.01"
"26620","Huntsville, AL",".",".",".",".","0.07","0.064",".",".",".","21","9","62","15","."
"26820","Idaho Falls, ID",".",".",".",".","0.07","0.062",".",".",".",".",".",".",".","."
"26860","Indiana, PA",".",".",".",".","0.08","0.068",".",".",".",".",".",".",".","0.01"
"26900","Indianapolis-Carmel-Anderson, IN","6.2","3.1","46","17","0.08","0.066","106","25","3","33","12.6","58","27","0.02"
"26960","Ionia, MI",".",".",".",".",".",".",".",".",".",".",".",".",".","0.05"
"26980","Iowa City, IA",".",".",".",".",".",".",".",".",".",".",".","44","19","."
"27060","Ithaca, NY",".",".",".",".","0.07","0.059",".",".",".",".",".",".",".","."
"27140","Jackson, MS","2.2","1.5",".",".","0.07","0.064","14","3","1",".",".","41","17","0.01"
"27180","Jackson, TN",".",".",".",".",".",".",".",".",".","17","8.2",".",".","."
"27220","Jackson, WY-ID","0.9","0.5",".",".","0.07","0.06",".",".",".","17","4.6","38","13","."
"27260","Jacksonville, FL","2.1","1.3","40","8","0.09","0.071","56","15","2","19","8.1","31","16","."
"27460","Jamestown-Dunkirk-Fredonia, NY",".",".",".",".","0.08","0.066","14","5","2","17","8",".",".","."
"27500","Janesville-Beloit, WI",".",".",".",".","0.08","0.072",".",".",".",".",".",".",".","."
"27540","Jasper, IN",".",".",".",".",".",".","157","27","4","29","11.1","33","17","."
"27620","Jefferson City, MO",".",".",".",".","0.07","0.064",".",".",".",".",".",".",".","."
"27780","Johnstown, PA","1.5","1.2","41","7","0.07","0.06","54","15","4","27","11.4","50","19","."
"27900","Joplin, MO",".",".",".",".","0.07","0.065",".",".",".",".",".","153","30","."
"27940","Juneau, AK",".",".",".",".",".",".",".",".",".","28","7.7",".",".","."
"28020","Kalamazoo-Portage, MI",".",".",".",".","0.08","0.067",".",".",".","31","9.6",".",".","."
"28060","Kalispell, MT",".",".",".",".","0.06","0.052",".",".",".","24","8.2","89","23","."
"28140","Kansas City, MO-KS","1.6","1.1","53","13","0.09","0.068","125","45","5","22","10.6","90","28","0.01"
"28180","Kapaa, HI",".",".","33","2",".",".","36","16",".","10","4.4",".",".","."
"28300","Keene, NH",".",".",".",".","0.08","0.06",".",".",".","28","9.4",".",".","."
"28660","Killeen-Temple, TX",".",".",".",".","0.08","0.069",".",".",".",".",".",".",".","."
"28700","Kingsport-Bristol-Bristol, TN-VA","1.2","0.9","37","7","0.07","0.065","159","27","6","15","8.6",".",".","0"
"28820","Kinston, NC",".",".",".",".","0.07","0.065",".",".",".",".",".",".",".","."
"28900","Klamath Falls, OR",".",".",".",".",".",".",".",".",".","30","8.8",".",".","."
"28940","Knoxville, TN","0.3","0.2",".",".","0.08","0.067","6","3","2","19","9.7","79","23","0.09"
"29060","Laconia, NH",".",".",".",".","0.07","0.061",".",".",".","10","4.5",".",".","."
"29100","La Crosse-Onalaska, WI-MN",".",".",".",".","0.07","0.063",".",".",".","22","8.1",".",".","."
"29180","Lafayette, LA",".",".",".",".","0.08","0.068",".",".",".","15","8","84","21","."
"29200","Lafayette-West Lafayette, IN",".",".",".",".","0.07","0.064",".",".",".","29","10.7",".",".","."
"29260","La Grande, OR",".",".",".",".",".",".",".",".",".",".",".","42","13","."
"29340","Lake Charles, LA",".",".","30","5","0.09","0.067","33","9","1","17","7.4",".",".","."
"29380","Lake City, FL",".",".",".",".","0.07","0.06",".",".",".",".",".",".",".","."
"29420","Lake Havasu City-Kingman, AZ",".",".",".",".",".",".",".",".",".",".",".","84","21","."
"29460","Lakeland-Winter Haven, FL",".",".",".",".","0.07","0.063","29","4","1",".",".","55","14","."
"29540","Lancaster, PA",".",".","42","9","0.08","0.066",".",".",".","40","15.9","37","14","."
"29620","Lansing-East Lansing, MI",".",".",".","7","0.08","0.066","15","6","1","22","9.4",".",".","."
"29660","Laramie, WY",".",".",".",".","0.07","0.065",".",".",".","12","4.3","101","24","."
"29700","Laredo, TX","2.9","1.4",".",".","0.07","0.057",".",".",".",".",".","51","22","0"
"29740","Las Cruces, NM",".",".","46","6","0.09","0.072",".",".",".",".",".","391","47","."
"29820","Las Vegas-Henderson-Paradise, NV","3.7","2.8",".","14","0.09","0.081","7","4","1","26","10.4","105","29","0.01"
"30020","Lawton, OK",".",".",".",".","0.08","0.069",".",".",".","21","8.2",".",".","."
"30140","Lebanon, PA",".",".",".",".","0.08","0.067",".",".",".","32","12.7",".",".","."
"30260","Lewisburg, PA",".",".",".",".",".",".",".",".",".",".",".",".",".","."
"30340","Lewiston-Auburn, ME",".",".",".",".","0.08","0.065",".",".",".","20","7.5","53","15","."
"30420","Lexington, NE",".",".",".",".",".",".",".",".",".",".",".","52","23","."
"30460","Lexington-Fayette, KY",".",".","39","7","0.07","0.065","15","5","0","22","9.4","29","16","."
"30620","Lima, OH",".",".",".",".","0.07","0.066","13","5","1",".",".",".",".","."
"30700","Lincoln, NE",".",".",".",".","0.08","0.061",".",".",".","39","8.5",".",".","."
"30780","Little Rock-North Little Rock-Conway, AR","1.4","1.2","45","9","0.08","0.066","10","4","1","25","10.8","45","20","0"
"30860","Logan, UT-ID",".",".","45","11","0.07","0.059",".",".",".","43","8.4","54","17","."
"30980","Longview, TX",".",".","24","4","0.09","0.066","42","10","1",".",".",".",".","."
"31080","Los Angeles-Long Beach-Anaheim, CA","5.4","3.8","69","27","0.13","0.097","9","2","0",".",".","95","44","0.07"
"31140","Louisville/Jefferson County, KY-IN","2.1","1.1",".",".","0.09","0.07","149","27","4","28","12.6","59","20","0.01"
"31220","Ludington, MI",".",".",".",".","0.08","0.07",".",".",".",".",".",".",".","."
"31300","Lumberton, NC",".",".",".",".",".",".",".",".",".","15","8.6",".",".","."
"31340","Lynchburg, VA",".",".",".",".",".",".",".",".",".","17","7.6",".",".","0.01"
"31420","Macon, GA",".",".",".",".","0.08","0.065","13","4","1","22","11.2",".",".","."
"31460","Madera, CA","1.1","0.6",".","6","0.11","0.088",".",".",".","56","14","91","35","."
"31540","Madison, WI",".",".",".",".","0.08","0.069","10","4","1","25","9.3","41","18","."
"31660","Malone, NY",".",".","35","3","0.06","0.054","15","8","3",".",".",".",".","."
"31700","Manchester-Nashua, NH","0.3","0.3",".",".","0.09","0.069","5","3","1","13","6",".",".","."
"31820","Manitowoc, WI",".",".",".",".","0.07","0.066",".",".",".",".",".",".",".","."
"31930","Marietta, OH",".",".",".",".","0.08","0.063",".",".",".",".",".",".",".","0"
"32020","Marion, OH",".",".",".",".",".",".",".",".",".",".",".",".",".","0.03"
"32140","Marshall, MN",".",".",".",".","0.07","0.062",".",".",".","17","5.9",".",".","."
"32220","Marshall, TX",".",".","18","3","0.08","0.066",".",".",".","19","8.9","38","15","."
"32380","Mason City, IA",".",".",".",".",".",".",".",".",".",".",".","52","19","."
"32540","McAlester, OK",".",".",".",".","0.08","0.062",".",".",".","23","9.3",".",".","."
"32580","McAllen-Edinburg-Mission, TX",".",".",".",".","0.07","0.056",".",".",".","22","9.9","60","27","."
"32780","Medford, OR",".",".",".",".","0.08","0.059",".",".",".","31","9",".",".","."
"32820","Memphis, TN-MS-AR","1.4","0.9","42","8","0.09","0.067",".",".",".","25","9.4","47","21","0"
"32900","Merced, CA",".",".",".","8","0.1","0.082",".",".",".","46","11.2","81","30","."
"32940","Meridian, MS",".",".",".",".","0.06","0.058",".",".",".",".",".",".",".","."
"33060","Miami, OK",".",".",".",".","0.07","0.055",".",".",".",".",".",".",".","0.04"
"33100","Miami-Fort Lauderdale-West Palm Beach, FL","5","2","50","9","0.08","0.063","5","2","0","19","6.3","26","15","."
"33140","Michigan City-La Porte, IN",".",".",".",".","0.08","0.07","15","6","1","24","10",".",".","."
"33180","Middlesborough, KY",".",".",".",".","0.07","0.062",".",".",".","17","9",".",".","."
"33340","Milwaukee-Waukesha-West Allis, WI","1.2","0.7","53","16","0.09","0.074","27","8","1","29","10.5","53","19","."
"33460","Minneapolis-St. Paul-Bloomington, MN-WI","2.7","1.6","50","16","0.08","0.064","12","5","1","28","9.9","76","25","0.12"
"33540","Missoula, MT",".",".",".",".","0.06","0.053",".",".",".","25","9.2","88","16","."
"33660","Mobile, AL",".",".",".",".","0.08","0.07",".",".",".","18","9",".",".","."
"33700","Modesto, CA","2.2","1.6",".","10","0.1","0.081",".",".",".","57","12.3","94","28","."
"33740","Monroe, LA",".",".",".",".","0.07","0.059",".",".",".",".",".",".",".","."
"33780","Monroe, MI",".",".",".",".",".",".","18","6","1",".",".",".",".","."
"33860","Montgomery, AL",".",".",".",".","0.07","0.062",".",".",".","17","9.4",".",".","."
"33980","Morehead City, NC",".",".",".",".","0.07","0.062",".",".",".",".",".",".",".","."
"34060","Morgantown, WV",".",".",".",".","0.08","0.064","15","5","1","17","8.6",".",".","."
"34100","Morristown, TN",".",".",".",".","0.08","0.067",".",".",".",".",".",".",".","."
"34500","Mount Vernon, IL",".",".",".",".","0.08","0.063",".",".",".",".",".",".",".","."
"34540","Mount Vernon, OH",".",".",".",".","0.08","0.066",".",".",".",".",".",".",".","."
"34580","Mount Vernon-Anacortes, WA",".",".","26","5","0.06","0.048","6","2","1","14","6",".",".","."
"34620","Muncie, IN",".",".",".",".","0.06","0.054",".",".",".","32","10.3",".",".","0.05"
"34700","Muscatine, IA",".",".",".",".",".",".","180","58","5","33","11.6","48","20","."
"34740","Muskegon, MI",".",".",".",".","0.09","0.075",".",".",".",".",".",".",".","."
"34780","Muskogee, OK",".",".",".",".",".",".","48","12","2",".",".",".",".","."
"34900","Napa, CA","2","1.4","41","8","0.07","0.062",".",".",".","23","12","36","15","."
"34940","Naples-Immokalee-Marco Island, FL",".",".",".",".","0.07","0.058",".",".",".",".",".",".",".","."
"34980","Nashville-Davidson--Murfreesboro--Franklin, TN",".","1.2",".","10","0.08","0.071","13","10","1","22","10.5","37","18","."
"35220","New Castle, IN",".",".",".",".",".",".",".",".",".","26","9.9",".",".","."
"35260","New Castle, PA","1","0.6",".",".","0.08","0.068","40","10","1",".",".","49","18","0.02"
"35300","New Haven-Milford, CT","1.6","1.3","50","13","0.09","0.072","17","5","1","27","9.2","34","14","0.01"
"35380","New Orleans-Metairie, LA",".",".","42","12","0.09","0.074","79","21","4","17","7.8","53","19","."
"35620","New York-Newark-Jersey City, NY-NJ-PA","3.1","2.5","70","22","0.11","0.074","15","10","2","31","10.5","47","17","0.02"
"35660","Niles-Benton Harbor, MI",".",".",".",".","0.08","0.073",".",".",".","20","8.5",".",".","."
"35700","Nogales, AZ",".",".",".",".",".",".",".",".",".","29","9.7","180","40","."
"35840","North Port-Sarasota-Bradenton, FL",".",".","17","3","0.08","0.064","14","3","1",".",".","67","15","."
"35980","Norwich-New London, CT",".",".",".",".","0.08","0.065",".",".",".","22","8",".",".","."
"36100","Ocala, FL",".",".",".",".","0.07","0.064",".",".",".",".",".",".",".","."
"36260","Ogden-Clearfield, UT","7.3","2",".","14","0.09","0.074",".",".",".","44","11","75","21","."
"36420","Oklahoma City, OK","0.9","0.7","46","7","0.09","0.069","3","1","0","22","9.4","85","23","."
"36500","Olympia-Tumwater, WA",".",".",".",".","0.07","0.056",".",".",".",".",".",".",".","."
"36540","Omaha-Council Bluffs, NE-IA","2.1","1.5",".",".","0.08","0.063","54","16","2","23","9.1","137","28","0.1"
"36740","Orlando-Kissimmee-Sanford, FL","1.8","1.5","36","5","0.08","0.067","7","2","0","14","6.4","43","15","."
"36860","Ottawa-Peru, IL",".",".",".",".",".",".","10","6","1",".",".",".",".","."
"36980","Owensboro, KY",".",".","31","5","0.08","0.066","48","10","2","26","11",".",".","."
"37080","Oxford, NC",".",".",".",".","0.08","0.065",".",".",".",".",".",".",".","."
"37100","Oxnard-Thousand Oaks-Ventura, CA",".",".","41","9","0.09","0.081",".",".",".","20","9.5","69","27","."
"37140","Paducah, KY-IL",".",".","36","6","0.07","0.065","20","5","0","23","10.4","34","18","."
"37220","Pahrump, NV",".",".",".",".",".",".",".",".",".",".",".","165","26","."
"37260","Palatka, FL",".",".",".",".",".",".","25","3","-1",".",".",".",".","."
"37340","Palm Bay-Melbourne-Titusville, FL",".",".",".",".","0.07","0.063",".",".",".",".",".","44","13","."
"37460","Panama City, FL",".",".",".",".","0.07","0.065",".",".",".",".",".",".",".","."
"37620","Parkersburg-Vienna, WV",".",".",".",".","0.08","0.067","31","11","3","18","9.6",".",".","."
"37740","Payson, AZ",".",".",".",".","0.08","0.072","240","41","7",".",".","119","37","0.17"
"37860","Pensacola-Ferry Pass-Brent, FL",".",".",".",".","0.09","0.07","33","4","1",".",".",".",".","."
"37900","Peoria, IL",".",".",".",".","0.07","0.064","190","56","3",".",".",".",".","."
"37980","Philadelphia-Camden-Wilmington, PA-NJ-DE-MD","1.9","1.4","51","18","0.1","0.074","14","6","1","32","12.7","60","23","0.02"
"38060","Phoenix-Mesa-Scottsdale, AZ","4.9","2.8","64","25","0.1","0.08","8","3","1","31","14","521","98","0.05"
"38300","Pittsburgh, PA","2.7","1.6","44","10","0.08","0.071","105","26","4","53","13.4","63","26","0.2"
"38340","Pittsfield, MA",".",".",".",".","0.07","0.063",".",".",".","17","6.1",".",".","."
"38540","Pocatello, ID",".",".",".",".",".",".","38","17","4","19","6.9","100","19","."
"38620","Ponca City, OK",".",".",".",".","0.09","0.069","40","12","2",".",".",".",".","."
"38660","Ponce, PR","8.5","0.8",".",".",".",".",".",".",".",".",".",".",".","."
"38820","Port Angeles, WA","0.3","0.2",".",".","0.07","0.055",".",".",".",".",".",".",".","."
"38860","Portland-South Portland, ME",".","0.9","46","7","0.09","0.066","11","6","1",".",".",".",".","."
"38900","Portland-Vancouver-Hillsboro, OR-WA","2","1.3","35","8","0.08","0.062","3","2","1","23","7","30","11","0"
"38940","Port St. Lucie, FL",".",".",".",".","0.07","0.062",".",".",".",".",".",".",".","."
"39020","Portsmouth, OH",".",".",".",".",".",".","45","16","3","16","8.2","70","17","."
"39140","Prescott, AZ",".",".",".",".","0.08","0.077",".",".",".",".",".",".",".","."
"39220","Price, UT",".",".","30","3","0.07","0.064",".",".",".",".",".",".",".","."
"39260","Prineville, OR",".",".",".",".",".",".",".",".",".","47","9.9",".",".","."
"39300","Providence-Warwick, RI-MA","2.7","1.7","44","10","0.08","0.067","13","5","1","18","8.4","30","12","0.01"
"39340","Provo-Orem, UT","2.7","1.9","62","17","0.1","0.076",".",".",".","27","7.1","54","16","."
"39380","Pueblo, CO",".",".",".",".",".",".",".",".",".","12","5.7","96","22","."
"39500","Quincy, IL-MO",".",".",".",".","0.07","0.061",".",".",".",".",".",".",".","."
"39580","Raleigh, NC","1.4","1.2","39","10","0.07","0.064","6","3","0","22","11.1","34","14","0"
"39660","Rapid City, SD",".",".","34","7","0.07","0.057","7","2","0","16","6.1","123","37","."
"39740","Reading, PA",".","1.7","37","7","0.08","0.068","10","6","2","28","9.9",".",".","0.03"
"39780","Red Bluff, CA",".",".",".",".","0.09","0.076",".",".",".",".",".","37","16","."
"39820","Redding, CA",".",".",".",".","0.09","0.072",".",".",".","14","5.2","38","19","."
"39860","Red Wing, MN",".",".",".",".","0.07","0.063",".",".",".",".",".",".",".","."
"39900","Reno, NV","3.2","2.4","52","14","0.09","0.071","6","3","0","33","8.7","126","23","."
"39980","Richmond, IN",".",".",".",".",".",".","7","7","2",".",".",".",".","."
"40060","Richmond, VA","1.3","1","44","8","0.09","0.066","8","4","1","17","8.4","28","14","0"
"40080","Richmond-Berea, KY",".",".",".",".",".",".",".",".",".","17","8.5",".",".","0.05"
"40140","Riverside-San Bernardino-Ontario, CA","3.6","2.6","59","20","0.13","0.102","8","2","1","29","10.7","243","57","0.01"
"40180","Riverton, WY","0.8","0.6","4","2","0.07","0.065",".",".",".","26","6.9","51","15","."
"40220","Roanoke, VA","1.2","1.1","39","6","0.07","0.06","6","3","1","17","8.5",".",".","."
"40340","Rochester, MN",".",".",".",".","0.07","0.062","2","1","1","20","8.2",".",".","."
"40380","Rochester, NY","1","0.7",".",".","0.07","0.064","21","4","1","17","7.3",".",".","."
"40420","Rockford, IL",".",".",".",".","0.08","0.07",".",".",".",".",".",".",".","."
"40500","Rockland, ME",".",".",".",".","0.08","0.061",".",".",".",".",".",".",".","."
"40540","Rock Springs, WY",".",".","32","3","0.07","0.063","32","6","3","10","4.6","294","25","."
"40580","Rocky Mount, NC",".",".",".",".","0.07","0.062",".",".",".",".",".",".",".","."
"40660","Rome, GA",".",".",".",".",".",".","34","6","1",".",".",".",".","."
"40860","Rutland, VT","1.9","0.9","38","7",".",".","14","4","1","30","8.9",".",".","."
"40900","Sacramento--Roseville--Arden-Arcade, CA","2.3","1.9","55","11","0.1","0.083","5","5","1","28","8.8","83","20","0"
"41060","St. Cloud, MN",".",".",".",".","0.07","0.062",".",".",".","19","6.2",".",".","."
"41100","St. George, UT",".",".",".",".","0.07","0.066",".",".",".",".",".",".",".","."
"41140","St. Joseph, MO-KS",".",".",".",".","0.08","0.064",".",".",".","23","10.6","61","27","."
"41180","St. Louis, MO-IL","1.9","1.4","60","14","0.09","0.072","41","9","2","38","11.9","159","38","0.36"
"41260","St. Marys, PA",".",".",".",".","0.07","0.064",".",".",".",".",".",".",".","."
"41400","Salem, OH",".",".",".",".",".",".","23","8","2",".",".","37","18","0.02"
"41420","Salem, OR",".",".",".",".","0.08","0.066",".",".",".",".",".",".",".","."
"41460","Salina, KS",".",".",".",".",".",".",".",".",".",".",".",".",".","0.15"
"41500","Salinas, CA","1.3","1","32","5","0.08","0.063",".",".",".","12","6.5","66","25","."
"41540","Salisbury, MD-DE",".",".",".",".","0.08","0.067","7","3","0","18","8.4",".",".","."
"41620","Salt Lake City, UT","2.9","1.7","48","14","0.09","0.072","6","2","1","45","7.7","87","18","0.1"
"41700","San Antonio-New Braunfels, TX",".",".","46","11","0.09","0.072","18","3","1","20","8.9","71","25","."
"41740","San Diego-Carlsbad, CA","3.5","1.9","61","13","0.09","0.08",".",".",".","25","10.2","53","30","."
"41820","Sanford, NC",".",".",".",".","0.07","0.064",".",".",".","19","9.4",".",".","."
"41860","San Francisco-Oakland-Hayward, CA","3","2.5","58","17","0.09","0.076","16","5","1","26","10.8","37","16","."
"41940","San Jose-Sunnyvale-Santa Clara, CA","2.4","1.9","55","13","0.09","0.073","2","1","0","28","9.3","52","19","0.13"
"41980","San Juan-Carolina-Caguas, PR","10.9","7.7",".",".","0.08","0.037","8","1","0",".",".","80","23","0.01"
"42020","San Luis Obispo-Paso Robles-Arroyo Grande, CA",".",".","41","6","0.08","0.073","4","2","0","30","12.8","157","38","."
"42100","Santa Cruz-Watsonville, CA",".",".",".",".","0.07","0.062",".",".",".","12","5.4",".",".","."
"42140","Santa Fe, NM",".",".",".",".","0.07","0.064",".",".",".",".",".","24","9","."
"42200","Santa Maria-Santa Barbara, CA","2.5","1","42","8","0.11","0.076","15","4","1","17","8.9","91","24","."
"42220","Santa Rosa, CA","1.3","0.9","31","4","0.07","0.062",".",".",".","17","7.7","40","13","."
"42300","Sault Ste. Marie, MI",".",".",".",".","0.07","0.056",".",".",".","15","6.2",".",".","."
"42340","Savannah, GA",".",".",".",".","0.07","0.057","67","22","3",".",".",".",".","."
"42380","Sayre, PA",".",".","26","5","0.06","0.051",".",".",".",".",".",".",".","."
"42540","Scranton--Wilkes-Barre--Hazleton, PA","1.5","1",".",".","0.07","0.061","9","5","1",".",".","32","14","0.06"
"42660","Seattle-Tacoma-Bellevue, WA","3.2","1.7","47","12","0.09","0.067",".",".",".","30","7.9","23","10","0"
"42680","Sebastian-Vero Beach, FL",".",".",".",".","0.07","0.064",".",".",".",".",".",".",".","."
"42700","Sebring, FL",".",".",".",".","0.07","0.06",".",".",".",".",".",".",".","."
"42860","Seneca, SC",".",".",".",".","0.07","0.064","3","2","0",".",".",".",".","."
"42940","Sevierville, TN",".",".",".",".","0.08","0.068",".",".",".",".",".",".",".","."
"42980","Seymour, IN",".",".",".",".","0.07","0.064",".",".",".",".",".",".",".","."
"43100","Sheboygan, WI",".",".",".",".","0.08","0.072",".",".",".",".",".",".",".","0.09"
"43260","Sheridan, WY",".",".",".",".","0.06","0.057",".",".",".","20","7.2","45","16","."
"43320","Show Low, AZ",".",".",".",".","0.07","0.068",".",".",".",".",".","47","16","."
"43340","Shreveport-Bossier City, LA",".",".",".",".","0.08","0.066","14","4","1",".",".",".",".","."
"43420","Sierra Vista-Douglas, AZ",".",".",".",".","0.08","0.068",".",".",".","16","7.2","175","38","."
"43500","Silver City, NM",".",".",".",".","0.07","0.065","1","0","0",".",".",".",".","."
"43580","Sioux City, IA-NE-SD",".",".","21","3","0.07","0.062","11","6","0","25","8.6","74","18","."
"43620","Sioux Falls, SD","1.1","0.5","33","5","0.07","0.066","11","3","1","23","7.8","63","21","."
"43700","Somerset, KY",".",".",".",".","0.07","0.063",".",".",".","22","9.3",".",".","."
"43740","Somerset, PA",".",".",".",".","0.07","0.062",".",".",".",".",".",".",".","."
"43760","Sonora, CA",".",".",".",".","0.09","0.075",".",".",".",".",".",".",".","."
"43780","South Bend-Mishawaka, IN-MI",".",".","46","7","0.08","0.067",".",".",".","26","10.2",".",".","."
"43900","Spartanburg, SC",".",".",".",".","0.08","0.065",".",".",".","19","9.3",".",".","."
"44060","Spokane-Spokane Valley, WA","3.1","1.8",".",".","0.07","0.06",".",".",".","19","7.1","116","24","."
"44100","Springfield, IL",".",".",".",".","0.07","0.059","21","3","1",".",".",".",".","."
"44140","Springfield, MA","1.4","0.9","42","13","0.09","0.068","7","4","1","18","6.4","13","6","."
"44180","Springfield, MO",".",".",".",".","0.07","0.06","33","11","2","25","9.4",".",".","."
"44220","Springfield, OH",".",".",".",".","0.08","0.065","19","7","1","25","10.5",".",".","."
"44300","State College, PA",".",".",".","5","0.08","0.064",".",".",".","22","9.8",".",".","."
"44460","Steamboat Springs, CO",".",".",".",".",".",".",".",".",".",".",".","81","20","."
"44700","Stockton-Lodi, CA","2.7","1.7","54","13","0.09","0.08",".",".",".","45","12.1","101","29","."
"44900","Summerville, GA",".",".",".",".","0.07","0.06",".",".",".",".",".",".",".","."
"45060","Syracuse, NY",".",".",".",".","0.07","0.063","5","3","1","16","6.7",".",".","."
"45140","Tahlequah, OK",".",".",".",".","0.07","0.061",".",".",".",".",".",".",".","."
"45180","Talladega-Sylacauga, AL",".",".",".",".",".",".",".",".",".","19","9.3",".",".","."
"45220","Tallahassee, FL",".",".",".",".","0.07","0.06",".",".",".","21","9.3",".",".","."
"45300","Tampa-St. Petersburg-Clearwater, FL","2","1","30","5","0.08","0.071","60","14","2","15","6.5","71","21","0.13"
"45460","Terre Haute, IN",".",".",".",".","0.07","0.062","120","33","4","28","11.1","35","18","."
"45500","Texarkana, TX-AR",".",".",".",".",".",".",".",".",".","19","9.6",".",".","."
"45780","Toledo, OH",".",".",".",".","0.08","0.07",".",".",".","29","10.6",".",".","0.09"
"45820","Topeka, KS",".",".",".",".","0.08","0.064",".",".",".","22","8.5","61","17","."
"45860","Torrington, CT","2.5","0.6","23","2","0.09","0.068","6","3","0","12","5.2","17","7","."
"45900","Traverse City, MI",".",".",".",".","0.07","0.069",".",".",".",".",".",".",".","."
"45940","Trenton, NJ",".",".",".",".","0.09","0.071",".",".",".","24","8.7",".",".","."
"45980","Troy, AL",".",".",".",".",".",".",".",".",".",".",".",".",".","0.08"
"46020","Truckee-Grass Valley, CA",".",".",".",".","0.09","0.081",".",".",".",".",".",".",".","."
"46060","Tucson, AZ","1.8","1.1","43","11","0.08","0.069","6","1","0","19","5.9","143","39","0"
"46140","Tulsa, OK","1.5","0.9",".","7","0.09","0.066","14","7","1","23","9.5","75","20","0"
"46180","Tupelo, MS",".",".",".",".","0.07","0.059",".",".",".",".",".",".",".","."
"46220","Tuscaloosa, AL",".",".",".",".","0.07","0.057",".",".",".","20","9.4",".",".","."
"46340","Tyler, TX",".",".","14","3","0.08","0.066",".",".",".",".",".",".",".","."
"46380","Ukiah, CA",".",".",".",".","0.06","0.052",".",".",".","14","5.5","40","12","."
"46520","Urban Honolulu, HI","1.8","1.3",".","3","0.09","0.054","6","6","1","10","4.5","36","19","."
"46540","Utica-Rome, NY",".",".",".",".","0.07","0.057","5","3","1",".",".",".",".","."
"46660","Valdosta, GA",".",".",".",".",".",".",".",".",".","17","9",".",".","."
"46700","Vallejo-Fairfield, CA","2.4","2","43","8","0.08","0.066","7","2","1","28","10","25","11","."
"46860","Vernal, UT",".",".","54","9","0.1","0.079",".",".",".",".",".",".",".","."
"47020","Victoria, TX",".",".",".",".","0.07","0.062",".",".",".",".",".",".",".","."
"47180","Vincennes, IN",".",".",".",".","0.07","0.062",".",".",".",".",".",".",".","."
"47220","Vineland-Bridgeton, NJ",".",".",".",".","0.08","0.067",".",".",".",".",".",".",".","."
"47240","Vineyard Haven, MA",".",".",".",".","0.07","0.059",".",".",".",".",".",".",".","."
"47260","Virginia Beach-Norfolk-Newport News, VA-NC","1.1","0.9","42","8","0.08","0.063","41","11","1","20","8.1","23","12","."
"47300","Visalia-Porterville, CA",".",".","54","10","0.1","0.089",".",".",".","75","17.9","99","45","."
"47340","Wabash, IN",".",".",".",".","0.08","0.066",".",".",".",".",".",".",".","."
"47380","Waco, TX","0.8","0.3","26","2","0.07","0.063","5","2","0",".",".",".",".","."
"47500","Walterboro, SC",".",".",".",".","0.07","0.059",".",".",".",".",".",".",".","."
"47580","Warner Robins, GA",".",".",".",".",".",".",".",".",".","20","9.4",".",".","."
"47620","Warren, PA",".",".",".",".",".",".","118","28","4",".",".",".",".","."
"47780","Washington, IN",".",".",".",".",".",".","107","25","4",".",".",".",".","."
"47820","Washington, NC",".",".",".",".",".",".","22","5","1",".",".",".",".","."
"47900","Washington-Arlington-Alexandria, DC-VA-MD-WV","2.5","2","47","11","0.09","0.071","16","6","1","23","9.9","43","17","0"
"47920","Washington Court House, OH",".",".",".",".","0.08","0.069",".",".",".",".",".",".",".","."
"47940","Waterloo-Cedar Falls, IA",".",".",".",".","0.07","0.062",".",".",".","21","9.3","43","20","."
"47980","Watertown, SD",".",".",".",".",".",".",".",".",".","15","4.5","94","19","."
"48020","Watertown-Fort Atkinson, WI",".",".",".",".","0.08","0.071",".",".",".",".",".",".",".","."
"48060","Watertown-Fort Drum, NY",".",".",".",".","0.07","0.059",".",".",".",".",".",".",".","."
"48140","Wausau, WI",".",".",".",".","0.07","0.064",".",".",".",".",".",".",".","."
"48260","Weirton-Steubenville, WV-OH","1.6","0.8",".",".","0.08","0.067","48","27","5","27","11.2","45","21","."
"48540","Wheeling, WV-OH",".",".",".",".","0.07","0.066","43","15","3","21","10.5",".",".","."
"48580","Whitewater-Elkhorn, WI",".",".",".",".","0.09","0.073",".",".",".",".",".",".",".","."
"48620","Wichita, KS",".",".","40","8","0.08","0.069","7","6","1","31","9.8","109","25","."
"48700","Williamsport, PA",".",".",".",".","0.07","0.062",".",".",".",".",".","20","12","."
"48780","Williston, ND",".",".",".",".","0.06","0.056","180","20","2","17","6.2","104","23","."
"48900","Wilmington, NC",".",".",".",".","0.07","0.063","3","2","0","14","6.7",".",".","."
"48940","Wilmington, OH",".",".",".",".","0.09","0.07",".",".",".",".",".",".",".","."
"49020","Winchester, VA-WV",".",".",".",".","0.07","0.059",".",".",".","24","9","17","10","."
"49100","Winona, MN",".",".",".",".",".",".",".",".",".","22","8.3",".",".","."
"49180","Winston-Salem, NC","2.1","1.5","41","6","0.08","0.067","13","2","0","21","9.8","28","12","."
"49340","Worcester, MA-CT","2.6","1.1","49","13","0.08","0.067","9","5","1","19","7.5","67","15","."
"49420","Yakima, WA",".",".",".",".",".",".",".",".",".","30","7.3","41","16","."
"49620","York-Hanover, PA","1.1","0.6","45","11","0.07","0.063",".",".",".",".",".","43","15","."
"49660","Youngstown-Warren-Boardman, OH-PA",".",".",".",".","0.08","0.071","44","13","1","22","11.3","28","17","."
"49700","Yuba City, CA","0.7","0.4","44","8","0.09","0.075",".",".",".",".",".",".",".","."
"49740","Yuma, AZ",".",".",".",".","0.09","0.078",".",".",".","23","6.3","375","45","."
