"CBSA Code","CBSA","CO 2nd Max 1-hr","CO 2nd Max 8-hr","NO2 98th Percentile 1-hr","NO2 Mean 1-hr","Ozone 2nd Max 1-hr","Ozone 4th Max 8-hr","SO2 99th Percentile 1-hr","SO2 2nd Max 24-hr","SO2 Mean 1-hr","PM2.5 98th Percentile 24-hr","PM2.5 Weighted Mean 24-hr","PM10 2nd Max 24-hr","PM10 Mean 24-hr","Lead Max 3-Mo Avg"
"10100","Aberdeen, SD",".",".",".",".",".",".",".",".",".","14","6.8","43","17","."
"10300","Adrian, MI",".",".",".",".","0.07","0.065",".",".",".","25","8.6",".",".","."
"10420","Akron, OH","2.6","2.1",".",".","0.07","0.065","14","4","1","28","13.8",".",".","."
"10500","Albany, GA",".",".",".",".",".",".",".",".",".","33","10.9",".",".","."
"10580","Albany-Schenectady-Troy, NY","1","0.8",".",".","0.07","0.063","7","5","1","20","7.8",".",".","."
"10740","Albuquerque, NM","2.4","1.4","43","11","0.08","0.068","5","2","1","21","6.7","106","32","0"
"10780","Alexandria, LA",".",".",".",".",".",".",".",".",".","15","7.2",".",".","."
"10900","Allentown-Bethlehem-Easton, PA-NJ",".",".","51","12","0.09","0.07","20","7","1","31","12.8","39","13","0.16"
"11020","Altoona, PA",".",".",".",".","0.08","0.069","31","13","2","25","11","34","13","."
"11100","Amarillo, TX",".",".",".",".","0.07","0.064",".",".",".",".",".",".",".","."
"11140","Americus, GA",".",".",".",".","0.07","0.057",".",".",".",".",".",".",".","."
"11180","Ames, IA",".",".",".",".","0.07","0.06",".",".",".",".",".",".",".","."
"11260","Anchorage, AK","4.9","2.8",".",".","0.05","0.047",".",".",".","38","6.8","158","17","."
"11460","Ann Arbor, MI",".",".",".",".","0.07","0.064",".",".",".","26","9.6",".",".","."
"11540","Appleton, WI",".",".",".",".","0.07","0.066",".",".",".","20","7.4",".",".","."
"11660","Arkadelphia, AR",".",".",".",".","0.07","0.06",".",".",".",".",".",".",".","."
"11700","Asheville, NC",".",".",".",".","0.07","0.066",".",".",".","15","7.5",".",".","."
"11780","Ashtabula, OH",".",".",".",".","0.09","0.07","37","7","2",".",".",".",".","."
"11900","Athens, OH",".",".",".",".",".",".",".",".",".","16","7.4",".",".","."
"11940","Athens, TN",".",".",".",".",".",".",".",".",".","16","8.1",".",".","."
"12020","Athens-Clarke County, GA",".",".",".",".","0.07","0.061",".",".",".","19","8.4",".",".","."
"12060","Atlanta-Sandy Springs-Roswell, GA","2.3","1.8","54","20","0.1","0.077","4","1","1","28","11.8","55","17","0"
"12100","Atlantic City-Hammonton, NJ",".",".",".",".","0.08","0.068","5","2","0","17","7",".",".","."
"12260","Augusta-Richmond County, GA-SC",".",".",".",".","0.07","0.06","63","8","2","18","8.9",".",".","."
"12300","Augusta-Waterville, ME",".",".",".",".","0.07","0.063",".",".",".",".",".","26","12","."
"12420","Austin-Round Rock, TX",".",".","51","15","0.09","0.073","4","1","0",".",".","53","23","."
"12540","Bakersfield, CA","1.6","1","50","12","0.12","0.097",".",".",".","57","17.9","97","44","."
"12580","Baltimore-Columbia-Towson, MD","2.8","1.8","51","18","0.1","0.078","18","5","1","30","10.1","33","15","."
"12620","Bangor, ME",".",".",".",".","0.08","0.063",".",".",".","17","6.9","37","16","."
"12660","Baraboo, WI",".",".",".",".","0.07","0.063",".",".",".","18","7.2","42","10","."
"12940","Baton Rouge, LA","2.1","1.2","45","9","0.1","0.075","20","10","1","28","12.2","76","26","0"
"13020","Bay City, MI",".",".",".",".",".",".",".",".",".","23","7.7",".",".","."
"13140","Beaumont-Port Arthur, TX","0.7","0.5","32","5","0.1","0.075","63","12","1",".",".",".",".","."
"13180","Beaver Dam, WI","0.7","0.4",".",".","0.07","0.066","4","1","0",".",".","24","11","."
"13340","Bellefontaine, OH",".",".",".",".",".",".",".",".",".",".",".",".",".","0"
"13380","Bellingham, WA",".",".",".",".","0.06","0.048",".",".",".",".",".",".",".","."
"13420","Bemidji, MN",".",".",".",".",".",".",".",".",".","14","5",".",".","."
"13460","Bend-Redmond, OR",".",".",".",".","0.07","0.063",".",".",".",".",".",".",".","."
"13540","Bennington, VT",".",".",".",".","0.08","0.063",".",".",".","16","6.3",".",".","."
"13620","Berlin, NH-VT",".",".",".",".","0.08","0.071",".",".",".",".",".",".",".","."
"13740","Billings, MT",".",".",".",".",".",".","48","16","2",".",".",".",".","."
"13820","Birmingham-Hoover, AL","6.9","1.9","40","13","0.09","0.073","17","4","1","24","11.8","73","24","0.02"
"13860","Bishop, CA",".",".",".",".","0.08","0.07",".",".",".","24","7","627","26","."
"13900","Bismarck, ND",".",".","31","5","0.07","0.064","14","4","1","27","6.4","79","14","."
"13980","Blacksburg-Christiansburg-Radford, VA",".",".",".",".","0.07","0.063",".",".",".",".",".",".",".","."
"14010","Bloomington, IL",".",".",".",".","0.07","0.063",".",".",".","18","7.6",".",".","."
"14020","Bloomington, IN",".",".",".",".","0.08","0.067",".",".",".","19","8.7",".",".","."
"14260","Boise City, ID","5.7","2.5",".",".","0.08","0.066","3","2","1","36","9.5","91","24","0"
"14380","Boone, NC",".",".",".",".",".",".",".",".",".","12","5.9",".",".","."
"14460","Boston-Cambridge-Newton, MA-NH","1.6","0.9","56","17","0.09","0.067","23","7","1","19","8.8","37","14","0"
"14500","Boulder, CO",".",".",".",".","0.09","0.074",".",".",".","23","6.5","47","21","."
"14540","Bowling Green, KY","0.3","0.2",".",".","0.07","0.063","7","3","0","19","8.4",".",".","."
"14580","Bozeman, MT",".","0.7",".",".",".",".",".",".",".",".",".",".",".","."
"14660","Brainerd, MN",".",".",".",".","0.07","0.06",".",".",".","16","6.2",".",".","."
"14700","Branson, MO",".",".",".",".","0.07","0.059",".",".",".",".",".",".",".","."
"14740","Bremerton-Silverdale, WA",".",".",".",".",".",".",".",".",".","14","4.9",".",".","."
"14860","Bridgeport-Stamford-Norwalk, CT","2.3","1.8",".",".","0.11","0.087","7","3","0","26","8.7","46","19","."
"15100","Brookings, SD",".",".",".",".","0.07","0.063",".",".",".","19","5.9","82","18","."
"15180","Brownsville-Harlingen, TX","1.9","1",".",".","0.07","0.06",".",".",".",".",".",".",".","0"
"15260","Brunswick, GA",".",".",".",".","0.07","0.055",".",".",".","16","7.3",".",".","."
"15380","Buffalo-Cheektowaga-Niagara Falls, NY","1.9","1.5","53","12","0.08","0.071","17","7","1","23","9.3",".",".","."
"15540","Burlington-South Burlington, VT","0.8","0.5","32","7","0.07","0.066","3","1","0","15","6.2",".",".","."
"15580","Butte-Silver Bow, MT",".",".",".",".",".",".",".",".",".","44","10.6","115","19","."
"15620","Cadillac, MI",".",".","7","1","0.08","0.064",".",".",".","18","5.6",".",".","."
"15700","Cambridge, MD","0.3","0.3",".",".","0.08","0.065","7","3","1","20","7.9",".",".","."
"15860","Ca¤on City, CO",".",".",".",".",".",".",".",".",".",".",".","33","14","."
"15940","Canton-Massillon, OH","1.8","1.4",".",".","0.08","0.072",".",".",".","26","12.4",".",".","."
"15980","Cape Coral-Fort Myers, FL",".",".",".",".","0.07","0.058",".",".",".","17","5.9","43","14","."
"16100","Carlsbad-Artesia, NM",".",".","20","2","0.08","0.067",".",".",".",".",".",".",".","."
"16180","Carson City, NV",".",".",".",".","0.08","0.068",".",".",".","16","5.2",".",".","."
"16220","Casper, WY",".",".","42","5","0.07","0.06","21","9","1","31","5.1","49","16","."
"16300","Cedar Rapids, IA","1.4","0.9",".",".","0.07","0.063","50","17","1","23","8.9","52","20","."
"16540","Chambersburg-Waynesboro, PA",".",".",".",".","0.07","0.059",".",".",".",".",".",".",".","0.01"
"16580","Champaign-Urbana, IL",".","0.3",".",".","0.07","0.065","12","3","1","19","8.7",".",".","."
"16620","Charleston, WV",".",".",".",".","0.08","0.067","34","10","1","20","9","34","11","."
"16700","Charleston-North Charleston, SC",".",".","31","6","0.07","0.054",".",".",".",".",".",".",".","."
"16740","Charlotte-Concord-Gastonia, NC-SC","1.5","1.2","37","12","0.09","0.073","6","1","0","16","8.9","50","18","0"
"16820","Charlottesville, VA",".",".",".",".","0.07","0.059",".",".",".","17","7.2",".",".","."
"16860","Chattanooga, TN-GA",".",".",".",".","0.09","0.068",".",".",".","18","9.2",".",".","."
"16940","Cheyenne, WY","0.4","0.5","38","4","0.07","0.063","19","3","0","27","4.7","48","12","."
"16980","Chicago-Naperville-Elgin, IL-IN-WI","4.5","2.1","62","18","0.09","0.075","39","11","2","106","13.1","126","23","0.42"
"17020","Chico, CA","1.5","1.2","33","7","0.08","0.075",".",".",".","30","9.1","67","21","."
"17140","Cincinnati, OH-KY-IN","2","1.3","57","22","0.09","0.072","54","12","2","23","12.5","82","38","0.01"
"17200","Claremont-Lebanon, NH-VT",".",".",".",".","0.07","0.054",".",".",".","18","6.6",".",".","."
"17220","Clarksburg, WV",".",".",".",".",".",".",".",".",".","20","8.9",".",".","."
"17300","Clarksville, TN-KY",".",".",".",".","0.07","0.062","27","6","1","22","9.1","31","18","."
"17340","Clearlake, CA",".",".",".",".","0.07","0.058",".",".",".","7","3.8","19","9","."
"17380","Cleveland, MS",".",".",".",".","0.07","0.063",".",".",".",".",".",".",".","."
"17460","Cleveland-Elyria, OH","5.8","2.9","50","13","0.08","0.074","89","31","3","27","13.3","86","42","0.03"
"17540","Clinton, IA",".",".",".",".","0.07","0.061","33","14","1","25","9.7",".",".","."
"17640","Coco, PR",".",".",".",".",".",".","44","8","0",".",".",".",".","."
"17820","Colorado Springs, CO","3.1","1.7",".",".","0.07","0.067","53","12","3","21","5.3","40","17","."
"17860","Columbia, MO",".",".",".",".","0.07","0.063",".",".",".",".",".",".",".","."
"17900","Columbia, SC","1.1","0.8",".",".","0.08","0.062",".",".",".",".",".","53","15","0"
"17980","Columbus, GA-AL",".",".",".",".","0.08","0.062",".",".",".","21","9.9",".",".","0.05"
"18020","Columbus, IN",".",".","20","3","0.08","0.066","15","4","1","21","9.6",".",".","."
"18140","Columbus, OH","2.1","1.5","48","12","0.08","0.071","6","2","0","24","10.9",".",".","0.01"
"18180","Concord, NH",".",".",".",".","0.07","0.062","17","7","1",".",".",".",".","."
"18260","Cookeville, TN",".",".",".",".",".",".",".",".",".","15","7.5",".",".","."
"18500","Corning, NY","0.2","0.2",".",".","0.06","0.059","9","4","0","15","6.2",".",".","."
"18580","Corpus Christi, TX",".",".",".",".","0.08","0.065","4","2","0","23","10.1","53","23","."
"18620","Corsicana, TX",".",".","22","2","0.08","0.064","46","8","1",".",".",".",".","."
"18880","Crestview-Fort Walton Beach-Destin, FL",".",".",".",".","0.07","0.059",".",".",".",".",".","62","15","."
"19000","Cullowhee, NC",".",".",".",".","0.07","0.065",".",".",".",".",".",".",".","."
"19100","Dallas-Fort Worth-Arlington, TX","1.7","1.5","46","10","0.11","0.088","8","3","0","19","9.3","43","17","0.01"
"19140","Dalton, GA",".",".",".",".","0.07","0.063",".",".",".",".",".",".",".","."
"19300","Daphne-Fairhope-Foley, AL",".",".",".",".","0.07","0.063",".",".",".","18","8.6",".",".","."
"19340","Davenport-Moline-Rock Island, IA-IL","1.2","0.8","41","6","0.07","0.063","7","3","1","27","9.9","114","42","."
"19380","Dayton, OH","1.6","1.1",".",".","0.08","0.071","25","5","1","22","10.3","41","19","."
"19460","Decatur, AL",".",".",".",".","0.07","0.063",".",".",".","17","8.8",".",".","."
"19500","Decatur, IL",".",".",".",".","0.07","0.066","39","15","2","16","8.7",".",".","0.04"
"19660","Deltona-Daytona Beach-Ormond Beach, FL",".",".",".",".","0.06","0.058",".",".",".","13","5.8","39","14","."
"19740","Denver-Aurora-Lakewood, CO","2.8","2","72","27","0.12","0.081","16","5","1","26","9.9","61","27","."
"19780","Des Moines-West Des Moines, IA","1.3","0.7","37","8","0.07","0.059","2","1","0","18","7.6","45","19","."
"19820","Detroit-Warren-Dearborn, MI","2.4","1.7","50","18","0.09","0.075","76","21","2","32","11.7","139","29","0.05"
"19860","Dickinson, ND",".",".",".",".","0.07","0.064","6","3","1","33","5.7",".",".","."
"20020","Dothan, AL",".",".",".",".","0.07","0.061",".",".",".","15","7.3",".",".","."
"20100","Dover, DE",".",".",".",".","0.08","0.066",".",".",".","22","8",".",".","."
"20180","DuBois, PA",".",".",".",".","0.08","0.068",".",".",".",".",".",".",".","."
"20260","Duluth, MN-WI",".",".",".",".","0.07","0.06",".",".",".","18","6.5","67","24","0"
"20420","Durango, CO","0.8","0.7","25","4","0.08","0.068",".",".",".","7","3.4",".",".","."
"20500","Durham-Chapel Hill, NC",".",".",".",".","0.08","0.061","10","3","0","14","7.8",".",".","."
"20540","Dyersburg, TN",".",".",".",".",".",".",".",".",".","14","7.5",".",".","."
"20700","East Stroudsburg, PA",".",".",".",".","0.08","0.067",".",".",".","20","7.7",".",".","."
"20740","Eau Claire, WI",".",".",".",".","0.07","0.059",".",".",".","17","6.9",".",".","."
"20820","Effingham, IL",".",".",".",".","0.07","0.064",".",".",".",".",".",".",".","."
"20940","El Centro, CA","4.9","3.9","60","11","0.1","0.077","8","3","1","37","13.1","225","47","."
"20980","El Dorado, AR",".",".",".",".",".",".","20","5","2","21","8.7",".",".","."
"21060","Elizabethtown-Fort Knox, KY",".",".",".",".","0.08","0.066",".",".",".","24","9.5",".",".","."
"21140","Elkhart-Goshen, IN",".",".",".",".","0.07","0.058",".",".",".","29","10.3",".",".","."
"21220","Elko, NV",".",".",".",".",".",".",".",".",".",".",".","86","25","."
"21340","El Paso, TX","4.3","2.8","59","14","0.1","0.072","10","3","1","21","8.6","63","25","0.01"
"21500","Erie, PA","1.4","0.8","43","6","0.08","0.066","17","8","1",".",".","32","12","."
"21580","Espa¤ola, NM",".",".",".",".","0.07","0.064",".",".",".",".",".",".",".","."
"21660","Eugene, OR",".",".",".",".","0.09","0.071",".",".",".","55","8.9","52","17","."
"21700","Eureka-Arcata-Fortuna, CA","1.5","0.9",".","3","0.05","0.047","1","1","0","17","5.9","49","18","."
"21740","Evanston, WY",".",".","12","2","0.08","0.066",".",".",".",".",".","55","9","."
"21780","Evansville, IN-KY","2.1","1.2","35","8","0.08","0.072","59","15","3","24","11.1","33","17","."
"21820","Fairbanks, AK","4.5","2.4","68","13","0.06","0.045","34","26","7","112","21.4","229","23","."
"21900","Fairmont, WV",".",".",".",".",".",".",".",".",".","19","9.5",".",".","."
"21980","Fallon, NV",".",".",".",".","0.08","0.068",".",".",".",".",".",".",".","."
"22020","Fargo, ND-MN","0.8","0.7","31","4","0.06","0.057","2","1","0","20","7.2","75","17","."
"22100","Farmington, MO",".",".",".",".",".",".",".",".",".",".",".",".",".","0.03"
"22140","Farmington, NM",".",".","37","11","0.08","0.068","2","2","0","13","3.4",".",".","."
"22180","Fayetteville, NC",".",".",".",".","0.07","0.062",".",".",".","14","7.8","24","11","."
"22220","Fayetteville-Springdale-Rogers, AR-MO",".",".",".",".","0.07","0.064",".",".",".","17","7.8",".",".","."
"22280","Fernley, NV",".",".",".",".","0.08","0.071",".",".",".",".",".",".",".","."
"22380","Flagstaff, AZ",".",".",".",".","0.08","0.07",".",".",".",".",".",".",".","."
"22420","Flint, MI",".",".",".",".","0.08","0.067",".",".",".","22","8.2",".",".","."
"22500","Florence, SC",".",".",".",".","0.07","0.061",".",".",".","17","8.2",".",".","."
"22520","Florence-Muscle Shoals, AL",".",".",".",".","0.07","0.057",".",".",".","16","8.7",".",".","."
"22540","Fond du Lac, WI",".",".",".",".","0.07","0.065",".",".",".",".",".",".",".","."
"22660","Fort Collins, CO","4.5","1.4",".",".","0.09","0.075",".",".",".","24","6.1","47","18","."
"22800","Fort Madison-Keokuk, IA-IL-MO",".",".",".",".",".",".",".",".",".","24","8.7",".",".","."
"22840","Fort Payne, AL",".",".",".",".","0.07","0.065",".",".",".","19","9",".",".","."
"22900","Fort Smith, AR-OK",".",".","31","5","0.07","0.062",".",".",".","16","7.8",".",".","."
"23060","Fort Wayne, IN",".",".","25","4","0.07","0.062","12","4","1","28","10.6",".",".","."
"23420","Fresno, CA","2.3","1.7","43","11","0.12","0.093","7","2","1","57","16","103","39","0.01"
"23460","Gadsden, AL",".",".",".",".","0.07","0.06",".",".",".","18","9.1",".",".","."
"23500","Gaffney, SC",".",".",".",".","0.08","0.065",".",".",".",".",".",".",".","."
"23540","Gainesville, FL",".",".",".",".","0.07","0.056",".",".",".","13","5.9",".",".","."
"23580","Gainesville, GA",".",".",".",".",".",".",".",".",".","18","7.9",".",".","."
"23900","Gettysburg, PA","0.7","0.5","18","2","0.07","0.067","11","4","0","24","9.9",".",".","."
"23940","Gillette, WY",".",".","41","7","0.07","0.062","16","5","1","21","5","130","31","."
"24060","Glenwood Springs, CO",".",".",".","5","0.08","0.07",".",".",".",".",".","36","17","."
"24260","Grand Island, NE",".",".",".",".",".",".",".",".",".","15","6.2",".",".","."
"24300","Grand Junction, CO","1.4","0.9",".",".","0.08","0.065",".",".",".","21","6.8","34","15","."
"24340","Grand Rapids-Wyoming, MI","1.6","1.2",".",".","0.08","0.067","33","11","1","26","10.4","29","17","0.01"
"24420","Grants Pass, OR",".",".",".",".",".",".",".",".",".","18","8.3",".",".","."
"24540","Greeley, CO",".","1.6",".",".","0.09","0.073",".",".",".",".",".",".",".","."
"24580","Green Bay, WI",".",".",".",".","0.08","0.07","69","10","1","22","8",".",".","."
"24640","Greenfield Town, MA",".",".",".",".","0.08","0.064",".",".",".","16","6.8",".",".","."
"24660","Greensboro-High Point, NC",".",".",".",".","0.09","0.066",".",".",".","15","8.2","21","12","."
"24780","Greenville, NC",".",".",".",".","0.07","0.06",".",".",".","15","7",".",".","."
"24860","Greenville-Anderson-Mauldin, SC",".",".",".","9","0.08","0.067",".",".",".",".",".",".",".","."
"24940","Greenwood, SC",".",".",".",".",".",".",".",".",".",".",".",".",".","."
"24980","Grenada, MS",".",".",".",".",".",".",".",".",".","14","6.5",".",".","."
"25060","Gulfport-Biloxi-Pascagoula, MS",".",".","30","4","0.08","0.067","24","3","0","19","9",".",".","."
"25180","Hagerstown-Martinsburg, MD-WV",".",".",".",".","0.08","0.067",".",".",".","29","10.9",".",".","."
"25220","Hammond, LA",".",".",".",".",".",".",".",".",".","17","7.4",".",".","."
"25260","Hanford-Corcoran, CA",".",".","41","9","0.11","0.085",".",".",".","51","16.5","101","44","."
"25420","Harrisburg-Carlisle, PA",".",".",".",".","0.08","0.068",".",".",".","31","12.2",".",".","."
"25460","Harrison, AR",".",".",".",".","0.07","0.061",".",".",".",".",".",".",".","."
"25500","Harrisonburg, VA",".",".","42","8","0.07","0.06","3","2","0","23","8.3",".",".","."
"25540","Hartford-West Hartford-East Hartford, CT","1.8","1.3","51","15","0.1","0.078","5","3","0","24","9.9","62","19","."
"25620","Hattiesburg, MS",".",".",".",".",".",".",".",".",".","19","9.9",".",".","."
"25740","Helena, MT","1","0.9",".",".","0.06","0.058","2","1","0","51","9.9",".",".","."
"25840","Hermiston-Pendleton, OR",".",".",".",".","0.08","0.07",".",".",".",".",".",".",".","."
"25860","Hickory-Lenoir-Morganton, NC",".",".",".",".","0.07","0.065",".",".",".","21","9.6",".",".","."
"25900","Hilo, HI",".",".",".",".",".",".","1377","205","26","23","12.9",".",".","."
"26020","Hobbs, NM",".",".",".","5","0.08","0.067",".",".",".",".",".",".",".","."
"26090","Holland, MI",".",".",".",".","0.09","0.072",".",".",".","21","7.9",".",".","."
"26140","Homosassa Springs, FL",".",".",".",".",".",".","90","19","2","16","5.9",".",".","."
"26300","Hot Springs, AR",".",".",".",".",".",".",".",".",".","20","9.8",".",".","."
"26380","Houma-Thibodaux, LA",".",".",".",".","0.08","0.064",".",".",".","16","6.9",".",".","."
"26420","Houston-The Woodlands-Sugar Land, TX","1.6","1.7","54","13","0.14","0.095","29","13","1","25","11.8","114","41","0"
"26540","Huntington, IN",".",".",".",".","0.06","0.054",".",".",".",".",".",".",".","."
"26580","Huntington-Ashland, WV-KY-OH",".",".","35","6","0.08","0.069","16","5","1","27","10.9","57","25","0.01"
"26620","Huntsville, AL",".",".",".",".","0.07","0.063",".",".",".","19","8.6","52","22","."
"26820","Idaho Falls, ID",".",".",".",".","0.07","0.061",".",".",".",".",".",".",".","."
"26860","Indiana, PA",".",".",".",".","0.08","0.073","73","22","3",".",".",".",".","0.01"
"26900","Indianapolis-Carmel-Anderson, IN","3.6","2.5","48","15","0.08","0.069","56","18","2","24","12","60","28","0.02"
"26960","Ionia, MI",".",".",".",".",".",".",".",".",".",".",".",".",".","0.04"
"26980","Iowa City, IA",".",".",".",".",".",".",".",".",".","21","8.4","52","19","."
"27060","Ithaca, NY",".",".",".",".","0.07","0.064",".",".",".",".",".",".",".","."
"27140","Jackson, MS","1.8","1.5",".",".","0.07","0.063","12","3","1","18","9.4",".",".","."
"27180","Jackson, TN",".",".",".",".",".",".",".",".",".","15","7.7",".",".","."
"27220","Jackson, WY-ID","0.7","0.4",".",".","0.07","0.062",".",".",".","15","4.8","63","15","."
"27260","Jacksonville, FL","2","1.4","43","11","0.07","0.058","57","14","1","16","7.7",".",".","."
"27420","Jamestown, ND",".",".",".",".",".",".","20","5","0",".",".","108","18","."
"27460","Jamestown-Dunkirk-Fredonia, NY",".",".",".",".","0.09","0.071","21","7","1","18","7.9",".",".","."
"27500","Janesville-Beloit, WI",".",".",".",".","0.08","0.064",".",".",".",".",".",".",".","."
"27540","Jasper, IN",".",".",".",".",".",".","74","14","2","23","9.7","33","16","."
"27620","Jefferson City, MO",".",".",".",".","0.07","0.065",".",".",".",".",".",".",".","."
"27780","Johnstown, PA","1.5","1.1",".","9","0.08","0.065","34","12","2","27","11.7","43","17","."
"27900","Joplin, MO",".",".",".",".","0.07","0.061",".",".",".",".",".","121","28","."
"27940","Juneau, AK",".",".",".",".",".",".",".",".",".","21","6.6",".",".","."
"27980","Kahului-Wailuku-Lahaina, HI",".",".",".",".",".",".",".",".",".","15","5.4",".",".","."
"28020","Kalamazoo-Portage, MI",".",".",".",".","0.07","0.067",".",".",".","22","9.3",".",".","."
"28060","Kalispell, MT",".",".",".",".","0.06","0.057",".",".",".","86","11.2","139","31","."
"28140","Kansas City, MO-KS","1.8","1.2","52","13","0.09","0.068","142","49","5","22","9.1","127","33","0.01"
"28180","Kapaa, HI",".",".",".","2",".",".","14","5","0","10","3.2",".",".","."
"28300","Keene, NH",".",".",".",".","0.07","0.059",".",".",".","23","8.7",".",".","."
"28420","Kennewick-Richland, WA",".",".",".",".",".",".",".",".",".",".",".","332","22","."
"28660","Killeen-Temple, TX",".",".",".",".","0.08","0.072",".",".",".",".",".",".",".","."
"28700","Kingsport-Bristol-Bristol, TN-VA","1.4","1","39","8","0.08","0.066","98","22","5","14","7.7",".",".","."
"28820","Kinston, NC",".",".",".",".","0.07","0.062",".",".",".",".",".",".",".","."
"28900","Klamath Falls, OR",".",".",".",".",".",".",".",".",".","44","10.3",".",".","."
"28940","Knoxville, TN","0.3","0.3",".",".","0.08","0.069","7","4","3","20","10.2","105","34","0.06"
"29020","Kokomo, IN",".",".",".",".",".",".",".",".",".","26","12.5",".",".","."
"29060","Laconia, NH",".",".",".",".","0.07","0.055",".",".",".","12","5.1",".",".","."
"29100","La Crosse-Onalaska, WI-MN",".",".",".",".","0.07","0.061",".",".",".","21","7.6",".",".","."
"29180","Lafayette, LA",".",".",".",".","0.07","0.067",".",".",".","14","7.5","66","20","."
"29200","Lafayette-West Lafayette, IN",".",".",".",".","0.07","0.064",".",".",".","22","9.2",".",".","."
"29260","La Grande, OR",".",".",".",".",".",".",".",".",".",".",".","40","13","."
"29340","Lake Charles, LA",".",".","37","6","0.09","0.072","33","7","1","15","7.3",".",".","."
"29380","Lake City, FL",".",".",".",".","0.07","0.058",".",".",".",".",".",".",".","."
"29420","Lake Havasu City-Kingman, AZ",".",".",".",".",".",".",".",".",".",".",".","68","19","."
"29460","Lakeland-Winter Haven, FL",".",".",".",".","0.07","0.064",".",".",".","13","6.1","40","14","."
"29540","Lancaster, PA",".",".","46","9","0.08","0.071",".",".",".","34","12.4","39","15","0.23"
"29620","Lansing-East Lansing, MI",".",".",".","7","0.07","0.064","13","4","1","25","8.6",".",".","."
"29660","Laramie, WY",".",".",".",".","0.07","0.064",".",".",".","18","4.3","100","23","."
"29700","Laredo, TX","3.5","2.2",".",".","0.06","0.056",".",".",".",".",".","56","24","0.01"
"29740","Las Cruces, NM",".",".","45","7","0.09","0.074",".",".",".","21","9.8","191","34","."
"29820","Las Vegas-Henderson-Paradise, NV","3.2","2.6","53","15","0.09","0.076","7","4","1","26","9.8","87","25","0.01"
"29980","Lawrenceburg, TN",".",".",".",".",".",".",".",".",".","15","7.3",".",".","."
"30020","Lawton, OK",".",".",".",".","0.08","0.066",".",".",".","16","7.6",".",".","."
"30140","Lebanon, PA",".",".",".",".","0.09","0.074",".",".",".",".",".",".",".","."
"30260","Lewisburg, PA",".",".",".",".",".",".",".",".",".",".",".",".",".","."
"30340","Lewiston-Auburn, ME",".",".",".",".","0.08","0.058",".",".",".","19","8.1","38","15","."
"30420","Lexington, NE",".",".",".",".",".",".",".",".",".",".",".","48","21","."
"30460","Lexington-Fayette, KY",".",".","41","7","0.09","0.071","10","3","0","19","8.6","57","16","."
"30620","Lima, OH",".",".",".",".","0.08","0.064","10","3","0",".",".",".",".","."
"30700","Lincoln, NE",".",".",".",".","0.07","0.061",".",".",".","22","7",".",".","."
"30780","Little Rock-North Little Rock-Conway, AR","1.2","1","45","9","0.09","0.065","23","8","1","22","10.9","47","21","."
"30860","Logan, UT-ID",".",".",".","11","0.08","0.067",".",".",".","29","7.4",".",".","."
"30980","Longview, TX",".",".","23","4","0.09","0.068","30","5","1",".",".",".",".","."
"31080","Los Angeles-Long Beach-Anaheim, CA","4.3","3","66","25","0.13","0.1","7","2","0","42","12.6","95","37","0.04"
"31140","Louisville/Jefferson County, KY-IN","1.7","1.4",".","16","0.1","0.076","54","13","3","31","11.2","51","21","0.01"
"31220","Ludington, MI",".",".",".",".","0.08","0.066",".",".",".",".",".",".",".","."
"31340","Lynchburg, VA",".",".",".",".",".",".",".",".",".","15","7.1",".",".","0.01"
"31420","Macon, GA",".",".",".",".","0.08","0.062","8","3","1","21","10.1",".",".","."
"31460","Madera, CA","5.4","1.7",".","6","0.1","0.083",".",".",".","44","13.9","111","32","."
"31540","Madison, WI",".",".",".",".","0.07","0.064","3","1","0","23","8.6","34","16","."
"31660","Malone, NY",".",".",".","3","0.08","0.071","3","23","0",".",".",".",".","."
"31700","Manchester-Nashua, NH","0.5","0.3",".",".","0.08","0.066",".",".",".","16","6.8",".",".","."
"31820","Manitowoc, WI",".",".",".",".","0.09","0.077",".",".",".",".",".",".",".","."
"31930","Marietta, OH",".",".",".",".","0.08","0.068",".",".",".",".",".",".",".","0"
"32000","Marion, NC",".",".",".",".",".",".",".",".",".","17","8.3",".",".","."
"32020","Marion, OH",".",".",".",".",".",".",".",".",".",".",".",".",".","0.03"
"32140","Marshall, MN",".",".",".",".",".",".",".",".",".","21","5.6",".",".","."
"32220","Marshall, TX",".",".","18","2","0.07","0.062",".",".",".","16","8.8","30","15","."
"32380","Mason City, IA",".",".",".",".",".",".",".",".",".",".",".","64","20","."
"32540","McAlester, OK",".",".",".",".","0.07","0.06",".",".",".",".",".",".",".","."
"32580","McAllen-Edinburg-Mission, TX",".",".",".",".","0.07","0.058",".",".",".","23","10.1","59","27","."
"32780","Medford, OR",".",".",".",".","0.09","0.069",".",".",".","46","12.1","51","16","."
"32820","Memphis, TN-MS-AR","4.4","2","41","11","0.09","0.066",".",".",".","18","8.8","47","21","0"
"32900","Merced, CA",".",".",".","7","0.1","0.083",".",".",".","40","12.7","64","30","."
"32940","Meridian, MS",".",".",".",".","0.06","0.056",".",".",".",".",".",".",".","."
"33060","Miami, OK",".",".",".",".","0.06","0.056",".",".",".",".",".","74","18","0.02"
"33100","Miami-Fort Lauderdale-West Palm Beach, FL","3","1.1","39","9","0.08","0.063","2","1","0","16","6.9","66","11","."
"33140","Michigan City-La Porte, IN",".",".",".",".","0.09","0.067",".",".",".","24","9.1",".",".","."
"33180","Middlesborough, KY",".",".",".",".","0.07","0.059",".",".",".",".",".",".",".","."
"33340","Milwaukee-Waukesha-West Allis, WI","1.1","0.7","46","15","0.09","0.071","13","4","1","28","9.6","44","14","."
"33460","Minneapolis-St. Paul-Bloomington, MN-WI","2.3","1.7","48","14","0.08","0.064","12","6","1","21","8.4","173","35","0.13"
"33540","Missoula, MT",".",".",".",".","0.06","0.055",".",".",".","67","12.2","180","23","."
"33660","Mobile, AL",".",".",".",".","0.08","0.063",".",".",".","19","8.4",".",".","."
"33700","Modesto, CA","2.7","1.5","36","9","0.1","0.085",".",".",".","47","14.2","75","32","."
"33740","Monroe, LA",".",".",".",".","0.07","0.06",".",".",".",".",".",".",".","."
"33780","Monroe, MI",".",".",".",".",".",".",".",".",".","26","9.3",".",".","."
"33860","Montgomery, AL",".",".",".",".","0.08","0.063",".",".",".","19","9.1",".",".","."
"33980","Morehead City, NC",".",".",".",".","0.06","0.058",".",".",".",".",".",".",".","."
"34060","Morgantown, WV",".",".",".",".","0.08","0.069","16","7","1","20","8.2",".",".","."
"34100","Morristown, TN",".",".",".",".","0.09","0.07",".",".",".",".",".",".",".","."
"34500","Mount Vernon, IL",".",".",".",".","0.07","0.064",".",".",".","22","8.2",".",".","."
"34540","Mount Vernon, OH",".",".",".",".","0.08","0.071",".",".",".",".",".",".",".","."
"34580","Mount Vernon-Anacortes, WA",".",".","22","5","0.06","0.05",".",".",".","14","6.7",".",".","."
"34620","Muncie, IN",".",".",".",".","0.06","0.058",".",".",".","18","9",".",".","0.11"
"34700","Muscatine, IA",".",".",".",".",".",".","116","38","3","27","9.3","55","19","."
"34740","Muskegon, MI",".",".",".",".","0.09","0.074",".",".",".",".",".",".",".","."
"34780","Muskogee, OK",".",".",".",".",".",".","35","8","2",".",".",".",".","."
"34900","Napa, CA","2.3","1.5","33","8","0.08","0.066",".",".",".","30","10.6","45","18","."
"34940","Naples-Immokalee-Marco Island, FL",".",".",".",".","0.06","0.057",".",".",".",".",".",".",".","."
"34980","Nashville-Davidson--Murfreesboro--Franklin, TN","1.7","1.4","55","15","0.08","0.067","7","3","0","20","9.8","45","20","."
"35220","New Castle, IN",".",".",".",".",".",".",".",".",".","18","8.1",".",".","."
"35260","New Castle, PA",".",".",".",".","0.08","0.069","29","6","1",".",".",".",".","0.02"
"35300","New Haven-Milford, CT","1.6","1.3","55","14","0.11","0.081","6","3","1","24","9.3","38","15","0"
"35380","New Orleans-Metairie, LA","2.7","2.3","49","10","0.08","0.068","82","23","3","22","9.2","65","19","0.01"
"35620","New York-Newark-Jersey City, NY-NJ-PA","2.7","1.9","68","22","0.1","0.079","15","7","2","29","11.4","44","20","0.03"
"35660","Niles-Benton Harbor, MI",".",".",".",".","0.09","0.072",".",".",".","19","8.1",".",".","."
"35700","Nogales, AZ",".",".",".",".",".",".",".",".",".","27","9",".",".","."
"35840","North Port-Sarasota-Bradenton, FL",".",".","12","2","0.08","0.065","8","3","1","19","5.9","50","16","."
"35980","Norwich-New London, CT",".",".",".",".","0.1","0.077",".",".",".","19","7.3",".",".","."
"36100","Ocala, FL",".",".",".",".","0.06","0.058",".",".",".",".",".",".",".","."
"36260","Ogden-Clearfield, UT","2.6","1.7",".","15","0.09","0.074",".",".",".","32","6.5",".",".","."
"36420","Oklahoma City, OK","2.9","0.9","43","7","0.08","0.068","3","1","0","18","8.3","59","19","."
"36500","Olympia-Tumwater, WA",".",".",".",".","0.07","0.058",".",".",".",".",".",".",".","."
"36540","Omaha-Council Bluffs, NE-IA","2.2","1.7",".",".","0.08","0.064","57","17","1","22","9.2","111","31","0.07"
"36740","Orlando-Kissimmee-Sanford, FL","1.5","1.2","25","4","0.08","0.061","3","1","0","20","6.3","43","13","."
"36860","Ottawa-Peru, IL",".",".",".",".",".",".","7","3","1",".",".",".",".","."
"36980","Owensboro, KY",".",".","33","4","0.08","0.071",".",".",".","22","9.7",".",".","."
"37080","Oxford, NC",".",".",".",".","0.08","0.063",".",".",".",".",".",".",".","."
"37100","Oxnard-Thousand Oaks-Ventura, CA",".",".","36","8","0.09","0.074",".",".",".","24","9.7","63","25","."
"37140","Paducah, KY-IL",".",".","39","6","0.08","0.063",".",".",".",".",".","39","18","."
"37220","Pahrump, NV",".",".",".",".",".",".",".",".",".",".",".","108","17","."
"37260","Palatka, FL",".",".",".",".",".",".","22","4","1",".",".","45","15","."
"37340","Palm Bay-Melbourne-Titusville, FL",".",".",".",".","0.07","0.059",".",".",".","12","5.2","47","13","."
"37460","Panama City, FL",".",".",".",".","0.07","0.061",".",".",".",".",".",".",".","."
"37620","Parkersburg-Vienna, WV",".",".",".",".","0.09","0.071","28","10","2","25","9.3",".",".","."
"37740","Payson, AZ",".",".",".",".","0.09","0.073","246","36","6",".",".","109","26","0.12"
"37860","Pensacola-Ferry Pass-Brent, FL",".",".",".",".","0.08","0.062","9","3","1","19","8.2",".",".","."
"37900","Peoria, IL",".",".",".",".","0.07","0.064","116","30","2","16","8.6",".",".","."
"37980","Philadelphia-Camden-Wilmington, PA-NJ-DE-MD","2.1","1.6","63","18","0.1","0.082","16","8","2","30","11.9","48","24","0.02"
"38060","Phoenix-Mesa-Scottsdale, AZ","4","2.6","61","22","0.1","0.077","9","5","1","28","10.2","985","65","0.01"
"38180","Pierre, SD",".",".",".",".",".",".",".",".",".","15","4.5",".",".","."
"38300","Pittsburgh, PA","4.9","2.8","45","13","0.09","0.074","112","36","5","43","13.8","79","23","0.02"
"38340","Pittsfield, MA",".",".",".",".",".",".",".",".",".","19","7.1",".",".","."
"38420","Platteville, WI",".",".",".",".",".",".",".",".",".","22","7.9",".",".","."
"38540","Pocatello, ID",".",".",".",".",".",".","45","15","3","33","7.5","95","19","."
"38620","Ponca City, OK",".",".",".",".","0.07","0.063","31","9","1",".",".",".",".","."
"38660","Ponce, PR","9.2","1.8",".",".",".",".",".",".",".","16","6","84","29","."
"38820","Port Angeles, WA","0.6","0.2",".",".","0.06","0.051",".",".",".",".",".",".",".","."
"38860","Portland-South Portland, ME","1.7","1","62","8","0.09","0.067","27","6","1","20","7.9",".",".","."
"38900","Portland-Vancouver-Hillsboro, OR-WA","2.4","1.9","36","14","0.09","0.069","4","2","0","34","8","45","16","0"
"38940","Port St. Lucie, FL",".",".",".",".","0.07","0.06",".",".",".",".",".",".",".","."
"39020","Portsmouth, OH",".",".",".",".",".",".","20","9","2","23","8.7","53","17","."
"39140","Prescott, AZ",".",".",".",".","0.08","0.067",".",".",".",".",".",".",".","."
"39220","Price, UT",".",".",".",".","0.08","0.069",".",".",".",".",".",".",".","."
"39260","Prineville, OR",".",".",".",".",".",".",".",".",".","42","8.9",".",".","."
"39300","Providence-Warwick, RI-MA","3.5","1.8","67","22","0.09","0.077","10","4","1","23","9.8","36","20","0.01"
"39340","Provo-Orem, UT","2.9","2.1",".","14","0.09","0.073",".",".",".","27","7.3",".",".","."
"39380","Pueblo, CO",".",".",".",".",".",".",".",".",".","21","5.1","46","17","."
"39500","Quincy, IL-MO",".",".",".",".","0.07","0.064",".",".",".",".",".",".",".","."
"39540","Racine, WI",".",".",".",".","0.08","0.068",".",".",".",".",".",".",".","."
"39580","Raleigh, NC","1.7","1.2","35","10","0.08","0.065","5","2","0","16","7.8","30","13","0"
"39660","Rapid City, SD",".",".","37","7","0.07","0.059","5","1","0","30","9.5","122","36","."
"39740","Reading, PA",".",".","39","8","0.08","0.071","10","7","2","30","10.1",".",".","0.04"
"39780","Red Bluff, CA",".",".",".",".","0.08","0.076",".",".",".",".",".","43","20","."
"39820","Redding, CA",".",".",".",".","0.09","0.078",".",".",".","20","7.5","38","19","."
"39860","Red Wing, MN",".",".",".",".","0.07","0.06",".",".",".",".",".",".",".","."
"39900","Reno, NV","2.7","2","51","14","0.09","0.073",".",".",".","26","7.8","72","22","."
"39980","Richmond, IN",".",".",".",".",".",".","35","8","3",".",".",".",".","."
"40060","Richmond, VA","1.5","1.1","47","14","0.09","0.064","29","6","0","22","10","36","14","0"
"40080","Richmond-Berea, KY",".",".",".",".",".",".",".",".",".","16","7.6",".",".","0.15"
"40140","Riverside-San Bernardino-Ontario, CA","15.5","4.4","73","30","0.14","0.107","3","2","0","43","14.5","299","65","0.04"
"40180","Riverton, WY",".","0","5","1","0.07","0.063",".",".",".","20","6.9","46","15","."
"40220","Roanoke, VA","1.1","0.7","31","5","0.07","0.062","5","3","0","19","8.5",".",".","0.01"
"40340","Rochester, MN",".",".",".",".","0.07","0.059","2","1","0","17","7",".",".","."
"40380","Rochester, NY","1.2","0.8","45","10","0.07","0.065","18","4","1","20","7.8",".",".","."
"40420","Rockford, IL",".",".",".",".","0.08","0.066",".",".",".",".",".",".",".","."
"40500","Rockland, ME",".",".",".",".","0.08","0.067",".",".",".",".",".",".",".","."
"40540","Rock Springs, WY",".",".","35","3","0.08","0.071","31","8","3","19","4.8","119","22","."
"40580","Rocky Mount, NC",".",".",".",".","0.07","0.061",".",".",".",".",".",".",".","."
"40660","Rome, GA",".",".",".",".",".",".","43","9","1","19","9.4",".",".","."
"40860","Rutland, VT","3.5","1.4","38","8",".",".","2","1","0","32","9.1",".",".","."
"40900","Sacramento--Roseville--Arden-Arcade, CA","2.1","1.9","46","11","0.1","0.085","8","7","2","38","10.4","75","22","."
"41060","St. Cloud, MN",".",".",".",".","0.07","0.06",".",".",".","17","5.8",".",".","."
"41100","St. George, UT",".",".",".",".","0.08","0.069",".",".",".","11","4.6",".",".","."
"41140","St. Joseph, MO-KS",".",".",".",".","0.07","0.064",".",".",".","21","9.8","74","26","."
"41180","St. Louis, MO-IL","1.7","1.4","46","13","0.09","0.07","38","7","2","36","11.6","83","30","0.11"
"41260","St. Marys, PA",".",".",".",".","0.07","0.067",".",".",".",".",".",".",".","."
"41400","Salem, OH",".",".",".",".",".",".","15","7","1",".",".","43","20","0.01"
"41420","Salem, OR",".",".",".",".","0.08","0.065",".",".",".",".",".",".",".","."
"41460","Salina, KS",".",".",".",".",".",".",".",".",".",".",".",".",".","0.11"
"41500","Salinas, CA","1.5","0.9","28","5","0.08","0.062",".",".",".","13","6.3","68","24","."
"41540","Salisbury, MD-DE",".",".",".",".","0.08","0.07","5","2","0","23","8.2",".",".","."
"41620","Salt Lake City, UT","3.2","1.7",".","16","0.1","0.081","5","2","0","33","8.7","52","16","0.07"
"41700","San Antonio-New Braunfels, TX",".",".","48","10","0.1","0.08","13","3","1","21","8.6","48","22","."
"41740","San Diego-Carlsbad, CA","3.1","1.9","53","14","0.1","0.079",".",".",".","20","9.3","99","35","0.02"
"41760","Sandpoint, ID",".",".",".",".",".",".",".",".",".",".",".","81","16","."
"41820","Sanford, NC",".",".","9","1","0.07","0.06","3","2","1",".",".",".",".","."
"41860","San Francisco-Oakland-Hayward, CA","3.8","2","53","18","0.1","0.074","12","4","2","31","10.2","38","18","."
"41940","San Jose-Sunnyvale-Santa Clara, CA","2.6","1.8","47","18","0.09","0.072","2","1","0","32","10.6","52","21","0.1"
"41980","San Juan-Carolina-Caguas, PR","5.1","2.5",".",".","0.07","0.038","6","4","2","16","6.8","134","27","."
"42020","San Luis Obispo-Paso Robles-Arroyo Grande, CA",".",".","30","4","0.08","0.072","3","2","0","24","11.1","141","35","."
"42100","Santa Cruz-Watsonville, CA",".",".",".",".","0.07","0.057",".",".",".","20","6.1",".",".","."
"42140","Santa Fe, NM",".",".",".",".","0.07","0.062",".",".",".",".",".",".",".","."
"42200","Santa Maria-Santa Barbara, CA","2.4","0.8","38","8","0.08","0.067","5","1","0","19","8.3","59","22","."
"42220","Santa Rosa, CA","1.3","0.9","29","5","0.07","0.059",".",".",".","23","6.8","55","16","."
"42300","Sault Ste. Marie, MI",".",".",".",".","0.07","0.059",".",".",".","16","8.5",".",".","."
"42340","Savannah, GA",".",".",".",".","0.08","0.058","50","13","2","18","8.1",".",".","."
"42380","Sayre, PA",".",".","18","3","0.07","0.058",".",".",".",".",".",".",".","."
"42540","Scranton--Wilkes-Barre--Hazleton, PA","1.5","1.2","49","11","0.08","0.069","10","5","1","25","10.4","34","15","0.02"
"42660","Seattle-Tacoma-Bellevue, WA","2.2","1.4","65","24","0.09","0.074",".",".",".","45","9.8","34","11","0"
"42680","Sebastian-Vero Beach, FL",".",".",".",".","0.07","0.058",".",".",".",".",".",".",".","."
"42700","Sebring, FL",".",".",".",".","0.07","0.058",".",".",".",".",".",".",".","."
"42860","Seneca, SC",".",".",".",".","0.07","0.06",".",".",".",".",".",".",".","."
"42940","Sevierville, TN",".",".",".",".","0.07","0.067",".",".",".",".",".",".",".","."
"42980","Seymour, IN",".",".",".",".","0.07","0.064",".",".",".",".",".",".",".","."
"43100","Sheboygan, WI",".",".",".",".","0.1","0.081",".",".",".",".",".",".",".","0.05"
"43260","Sheridan, WY",".",".",".",".","0.07","0.06",".",".",".","36","7.5","73","17","."
"43320","Show Low, AZ",".",".",".",".","0.07","0.061",".",".",".",".",".","35","14","."
"43340","Shreveport-Bossier City, LA",".",".",".",".","0.08","0.066","11","4","1",".",".",".",".","."
"43420","Sierra Vista-Douglas, AZ",".",".",".",".","0.07","0.065",".",".",".","11","5.2","84","27","."
"43580","Sioux City, IA-NE-SD",".",".","21","3","0.07","0.061","10","2","0","20","8.2","88","18","."
"43620","Sioux Falls, SD","0.9","0.6",".","5","0.07","0.061","3","1","0","24","8.9","61","22","."
"43700","Somerset, KY",".",".",".",".","0.07","0.062",".",".",".","19","8.1",".",".","."
"43760","Sonora, CA",".",".",".",".","0.09","0.076",".",".",".",".",".",".",".","."
"43780","South Bend-Mishawaka, IN-MI",".",".","38","7","0.08","0.068",".",".",".","24","10.8",".",".","."
"43900","Spartanburg, SC",".",".",".",".","0.08","0.067",".",".",".",".",".",".",".","."
"44060","Spokane-Spokane Valley, WA","4.1","2.9",".",".","0.07","0.066",".",".",".",".",".",".",".","."
"44100","Springfield, IL",".",".",".",".","0.07","0.064","7","4","1","21","8.2",".",".","."
"44140","Springfield, MA","1.4","1.2","51","13","0.1","0.071","5","3","1","19","7.6","28","14","."
"44180","Springfield, MO",".",".",".",".","0.07","0.061","16","4","1",".",".",".",".","."
"44220","Springfield, OH",".",".",".",".","0.08","0.071","13","5","0","20","9.6",".",".","."
"44300","State College, PA",".",".","40","7","0.08","0.068",".",".",".","22","9.2",".",".","."
"44460","Steamboat Springs, CO",".",".",".",".",".",".",".",".",".",".",".","68","18","."
"44700","Stockton-Lodi, CA","2","1.4","48","12","0.1","0.077",".",".",".","43","12.6","74","28","."
"44900","Summerville, GA",".",".",".",".","0.07","0.063",".",".",".",".",".",".",".","."
"45060","Syracuse, NY",".",".",".",".","0.07","0.063","4","3","1","18","6.8",".",".","."
"45140","Tahlequah, OK",".",".",".",".","0.07","0.061",".",".",".",".",".",".",".","."
"45180","Talladega-Sylacauga, AL",".",".",".",".",".",".",".",".",".","22","10",".",".","."
"45220","Tallahassee, FL",".","0.2",".",".","0.08","0.061",".",".",".","16","7.5",".",".","."
"45300","Tampa-St. Petersburg-Clearwater, FL","1.8","0.7","47","12","0.08","0.068","69","21","2","30","9.8","50","20","0.15"
"45460","Terre Haute, IN",".",".",".",".","0.07","0.064","103","23","3","21","10.2","35","17","."
"45500","Texarkana, TX-AR",".",".",".",".",".",".",".",".",".","19","9.4",".",".","."
"45780","Toledo, OH",".",".",".",".","0.08","0.064",".",".",".","24","10.7",".",".","0.07"
"45820","Topeka, KS",".",".",".",".","0.08","0.062",".",".",".","17","7.2","54","18","."
"45860","Torrington, CT","2.6","0.5","26","2","0.09","0.076","5","3","0","15","5.3","27","8","."
"45900","Traverse City, MI",".",".",".",".","0.08","0.067",".",".",".",".",".",".",".","."
"45940","Trenton, NJ",".",".",".",".","0.09","0.075",".",".",".","24","8.2",".",".","."
"45980","Troy, AL",".",".",".",".",".",".",".",".",".",".",".",".",".","0.07"
"46020","Truckee-Grass Valley, CA",".",".",".",".","0.1","0.084",".",".",".","11","4.6",".",".","."
"46060","Tucson, AZ","2","1.4","40","9","0.08","0.066","5","1","0","11","5.1","65","26","0"
"46140","Tulsa, OK","1.5","1.1","42","8","0.09","0.066","11","5","1","18","8.7","72","19","0"
"46180","Tupelo, MS",".",".",".",".","0.06","0.058",".",".",".",".",".",".",".","."
"46220","Tuscaloosa, AL",".",".",".",".","0.07","0.062",".",".",".","17","8.7",".",".","."
"46340","Tyler, TX",".",".","15","2","0.08","0.066",".",".",".",".",".",".",".","."
"46380","Ukiah, CA",".",".",".",".","0.07","0.053",".",".",".","24","8.6","42","13","."
"46520","Urban Honolulu, HI","2.1","1.6","24","4","0.05","0.049","15","4","1","14","5.4","42","21","0"
"46540","Utica-Rome, NY",".",".",".",".","0.07","0.061","4","3","1",".",".",".",".","."
"46660","Valdosta, GA",".",".",".",".",".",".",".",".",".","15","7.9",".",".","."
"46700","Vallejo-Fairfield, CA","2.2","1.8","38","8","0.08","0.068","4","2","1","31","9.5","30","12","."
"46860","Vernal, UT",".",".","23","3","0.08","0.068",".",".",".",".",".",".",".","."
"47020","Victoria, TX",".",".",".",".","0.08","0.07",".",".",".",".",".",".",".","."
"47180","Vincennes, IN",".",".",".",".","0.08","0.063",".",".",".",".",".",".",".","."
"47220","Vineland-Bridgeton, NJ",".",".",".",".","0.08","0.068",".",".",".",".",".",".",".","."
"47260","Virginia Beach-Norfolk-Newport News, VA-NC","1.4","0.9","41","8","0.08","0.065","30","8","1","18","7.8","26","13","."
"47300","Visalia-Porterville, CA",".",".","46","10","0.11","0.088",".",".",".","46","16.1",".",".","."
"47340","Wabash, IN",".",".",".",".","0.08","0.068",".",".",".",".",".",".",".","."
"47380","Waco, TX","0.4","0.2","22","3","0.08","0.068","7","2","0",".",".",".",".","."
"47500","Walterboro, SC",".",".",".",".",".",".",".",".",".",".",".",".",".","."
"47580","Warner Robins, GA",".",".",".",".",".",".",".",".",".","18","8.6",".",".","."
"47620","Warren, PA",".",".",".",".",".",".","114","33","4",".",".",".",".","."
"47780","Washington, IN",".",".",".",".",".",".","93","23","2",".",".",".",".","."
"47820","Washington, NC",".",".",".",".",".",".","19","3","0",".",".",".",".","."
"47900","Washington-Arlington-Alexandria, DC-VA-MD-WV","5.1","2","53","13","0.1","0.073","13","5","1","28","11.2","42","17","0"
"47920","Washington Court House, OH",".",".",".",".","0.08","0.07",".",".",".",".",".",".",".","."
"47940","Waterloo-Cedar Falls, IA",".",".",".",".","0.07","0.059",".",".",".","22","8.6","56","19","."
"47980","Watertown, SD",".",".",".",".",".",".",".",".",".","18","7","70","20","."
"48020","Watertown-Fort Atkinson, WI",".",".",".",".","0.07","0.065",".",".",".",".",".",".",".","."
"48060","Watertown-Fort Drum, NY",".",".",".",".","0.07","0.065",".",".",".",".",".",".",".","."
"48140","Wausau, WI",".",".",".",".","0.07","0.063",".",".",".",".",".",".",".","."
"48260","Weirton-Steubenville, WV-OH","1.1","0.7",".",".","0.08","0.069","50","24","3","29","13.2","45","22","."
"48540","Wheeling, WV-OH",".","0.5",".",".","0.08","0.069","38","12","2","24","10.6",".",".","."
"48580","Whitewater-Elkhorn, WI",".",".",".",".","0.07","0.067",".",".",".",".",".",".",".","."
"48620","Wichita, KS",".",".","37","7","0.08","0.065","5","4","1","25","8.4","68","24","."
"48700","Williamsport, PA",".",".",".",".","0.07","0.065",".",".",".",".",".","27","14","."
"48780","Williston, ND",".",".",".",".","0.07","0.059","74","20","1","36","5",".",".","."
"48900","Wilmington, NC",".",".",".",".","0.06","0.057","4","2","0","13","6.1",".",".","."
"48940","Wilmington, OH",".",".",".",".","0.08","0.07",".",".",".",".",".",".",".","."
"49020","Winchester, VA-WV",".",".",".",".","0.07","0.061",".",".",".","23","9","23","12","."
"49180","Winston-Salem, NC","1.9","1.3",".","7","0.08","0.07",".",".",".","22","11","44","12","."
"49340","Worcester, MA-CT","1.4","1","55","13","0.09","0.07","5","3","1","18","6.8","35","15","."
"49620","York-Hanover, PA","1.5","0.9","52","10","0.09","0.074","30","7","2","27","10.6","37","16","."
"49660","Youngstown-Warren-Boardman, OH-PA",".",".",".",".","0.08","0.07","32","7","1","26","11","41","19","."
"49700","Yuba City, CA","0.8","0.5","39","7","0.08","0.072",".",".",".","31","9.6","66","22","."
"49740","Yuma, AZ",".",".",".",".","0.09","0.077",".",".",".",".",".","182","38","."
