"CBSA Code","CBSA","CO 2nd Max 1-hr","CO 2nd Max 8-hr","NO2 98th Percentile 1-hr","NO2 Mean 1-hr","Ozone 2nd Max 1-hr","Ozone 4th Max 8-hr","SO2 99th Percentile 1-hr","SO2 2nd Max 24-hr","SO2 Mean 1-hr","PM2.5 98th Percentile 24-hr","PM2.5 Weighted Mean 24-hr","PM10 2nd Max 24-hr","PM10 Mean 24-hr","Lead Max 3-Mo Avg"
"10100","Aberdeen, SD",".",".",".",".",".",".",".",".",".","13","6.3","42","16","."
"10300","Adrian, MI",".",".",".",".","0.07","0.066",".",".",".","18","7.3",".",".","."
"10420","Akron, OH","1.5","0.9",".",".","0.08","0.066","4","1","0","22","8.8",".",".","."
"10500","Albany, GA",".",".",".",".",".",".",".",".",".","25","10.4",".",".","."
"10580","Albany-Schenectady-Troy, NY","1.1","0.8",".",".","0.07","0.061","4","1","0","15","6.5",".",".","."
"10740","Albuquerque, NM","2.2","1","45","10","0.08","0.071","4","1","0","19","7.5","126","35","0"
"10900","Allentown-Bethlehem-Easton, PA-NJ",".",".","44","10","0.08","0.07","105","59","1","27","12.6","29","12","0.09"
"11020","Altoona, PA",".",".",".",".","0.07","0.063","7","2","0","21","8.4",".",".","."
"11100","Amarillo, TX",".",".",".",".","0.08","0.068","114","24","2",".",".",".",".","."
"11140","Americus, GA",".",".",".",".","0.07","0.058",".",".",".",".",".",".",".","."
"11260","Anchorage, AK","4.6","3.5",".",".","0.05","0.043",".",".",".","30","5.7","119","19","."
"11460","Ann Arbor, MI",".",".",".",".","0.09","0.069",".",".",".","19","8.3",".",".","."
"11540","Appleton, WI",".",".",".",".","0.07","0.064","90","21","1","16","5.7",".",".","."
"11620","Ardmore, OK",".",".",".",".","0.09","0.077",".",".",".",".",".",".",".","."
"11660","Arkadelphia, AR",".",".",".",".","0.07","0.058",".",".",".",".",".",".",".","."
"11700","Asheville, NC",".",".",".",".","0.07","0.063","207","69","5","15","7",".",".","."
"11780","Ashtabula, OH",".",".",".",".","0.09","0.069","5","3","1",".",".",".",".","."
"11900","Athens, OH",".",".",".",".",".",".",".",".",".","12","6.3",".",".","."
"12020","Athens-Clarke County, GA",".",".",".",".","0.07","0.063",".",".",".","16","7.8",".",".","."
"12060","Atlanta-Sandy Springs-Roswell, GA","2.3","1.8","46","18","0.09","0.074","7","3","1","22","10.4","41","17","."
"12100","Atlantic City-Hammonton, NJ",".",".",".",".","0.07","0.063","3","1","0","18","6.9",".",".","."
"12260","Augusta-Richmond County, GA-SC",".",".",".",".","0.07","0.061","35","8","1","21","9.1","104","23","."
"12300","Augusta-Waterville, ME",".",".","30","3","0.08","0.067","7","4","1","15","5.9","30","12","."
"12420","Austin-Round Rock, TX","2.2","1.3","47","13","0.08","0.07","4","1","0",".",".","39","22","."
"12540","Bakersfield, CA","1.7","1.1","58","13","0.11","0.089",".",".",".","72","18.2","109","48","."
"12580","Baltimore-Columbia-Towson, MD","1.4","1.1","49","16","0.1","0.077",".",".",".","23","8.3","28","14","."
"12620","Bangor, ME",".",".",".",".","0.07","0.06",".",".",".","13","5.7","66","16","."
"12660","Baraboo, WI",".",".",".",".","0.07","0.061",".",".",".","17","7","33","12","."
"12700","Barnstable Town, MA",".",".",".",".","0.1","0.072",".",".",".",".",".",".",".","."
"12780","Bartlesville, OK",".",".",".",".","0.08","0.064",".",".",".","19","8.3",".",".","."
"12940","Baton Rouge, LA","3.2","1","46","10","0.09","0.073","29","9","3","22","10.3","71","22","0"
"13020","Bay City, MI",".",".",".",".",".",".",".",".",".","22","6.8",".",".","."
"13140","Beaumont-Port Arthur, TX","1","0.5","31","6","0.08","0.067","86","26","2",".",".",".",".","."
"13180","Beaver Dam, WI","0.4","0.3",".",".","0.07","0.063","2","1","0","23","6.9","42","10","."
"13380","Bellingham, WA",".",".",".",".","0.07","0.05","114","19","3","28","5.2",".",".","."
"13420","Bemidji, MN",".",".",".",".",".",".",".",".",".","16","5.7",".",".","."
"13540","Bennington, VT",".",".",".",".","0.07","0.065",".",".",".",".",".",".",".","."
"13620","Berlin, NH-VT",".",".",".",".","0.09","0.068",".",".",".",".",".",".",".","."
"13700","Big Spring, TX",".",".",".",".",".",".","88","37","5",".",".",".",".","."
"13740","Billings, MT",".",".",".",".",".",".","32","7","2",".",".",".",".","."
"13820","Birmingham-Hoover, AL","1.5","2.1","38","11","0.08","0.064","84","32","4","21","10.3","52","22","."
"13860","Bishop, CA","0.2","0.2",".",".","0.07","0.07",".",".",".","40","8.1","1015","30","."
"13900","Bismarck, ND","0.7","0.6","34","5","0.07","0.062","14","3","1","19","6.6","96","22","."
"13980","Blacksburg-Christiansburg-Radford, VA",".",".",".",".","0.07","0.062","462","113",".",".",".",".",".","."
"14010","Bloomington, IL",".",".",".",".","0.07","0.064",".",".",".","19","8.8",".",".","."
"14020","Bloomington, IN",".",".",".",".","0.08","0.067",".",".",".","16","7.7",".",".","."
"14260","Boise City, ID","15.9","4.1",".",".","0.09","0.076","3","1","0","45","10.3","138","23","."
"14420","Borger, TX",".",".",".",".",".",".","246","85","8",".",".",".",".","."
"14460","Boston-Cambridge-Newton, MA-NH","1.6","0.9","46","14","0.1","0.075","11","4","1","17","8.8","31","11","."
"14500","Boulder, CO",".",".",".",".","0.09","0.073",".",".",".","19","6.7","47","23","."
"14540","Bowling Green, KY","0.3","0.3",".",".","0.07","0.064","3","1","0","17","8",".",".","."
"14580","Bozeman, MT","1.6","0.5",".",".",".",".",".",".",".","23","3.5",".",".","."
"14660","Brainerd, MN",".",".",".",".","0.07","0.059",".",".",".","16","5.4",".",".","."
"14700","Branson, MO",".",".",".",".","0.07","0.059",".",".",".",".",".",".",".","."
"14740","Bremerton-Silverdale, WA",".",".",".",".",".",".",".",".",".","24","4.9",".",".","."
"14860","Bridgeport-Stamford-Norwalk, CT","1.7","1.2",".",".","0.11","0.081","3","1","0","20","7.5","30","12","."
"15100","Brookings, SD",".",".",".",".","0.09","0.063",".",".",".","13","4.7","81","19","."
"15180","Brownsville-Harlingen, TX","2.2","1",".",".","0.07","0.059",".",".",".","24","9.4",".",".","0"
"15260","Brunswick, GA",".",".",".",".","0.07","0.056",".",".",".","17","7.5",".",".","."
"15380","Buffalo-Cheektowaga-Niagara Falls, NY","1.3","1","46","10","0.09","0.066","8","2","0","17","7.4","33","15","."
"15540","Burlington-South Burlington, VT","1","0.6","31","6","0.06","0.06","1","0","0","13","5.2","20","6","."
"15580","Butte-Silver Bow, MT",".",".",".",".",".",".",".",".",".","48","13.5","111","19","."
"15620","Cadillac, MI",".",".","7","1","0.07","0.063",".",".",".","15","4.8",".",".","."
"15700","Cambridge, MD","0.3","0.3",".",".","0.07","0.064","2","1","0","17","7.7",".",".","."
"15940","Canton-Massillon, OH","1.5","1.2",".",".","0.08","0.069",".",".",".","21","9.7",".",".","."
"15980","Cape Coral-Fort Myers, FL",".",".",".",".","0.07","0.065",".",".",".",".",".",".",".","."
"16100","Carlsbad-Artesia, NM",".",".","24","3","0.09","0.076",".",".",".",".",".",".",".","."
"16180","Carson City, NV",".",".",".",".","0.08","0.066",".",".",".","18","6.1",".",".","."
"16220","Casper, WY",".",".","44","5","0.07","0.064","18","9","1","23","5.2","73","15","."
"16300","Cedar Rapids, IA","1.1","0.9",".",".","0.07","0.062","53","21","1","20","7.8","57","20","."
"16540","Chambersburg-Waynesboro, PA",".",".",".",".","0.06","0.059",".",".",".",".",".",".",".","."
"16580","Champaign-Urbana, IL",".","0.3",".",".","0.07","0.067","4","1","0","17","7.4",".",".","."
"16620","Charleston, WV","1.3","0.8",".",".","0.08","0.067",".",".",".","17","8.4",".",".","."
"16700","Charleston-North Charleston, SC",".",".",".",".","0.08","0.064","5","2","0",".",".",".",".","."
"16740","Charlotte-Concord-Gastonia, NC-SC","1.5","1.3","40","11","0.08","0.068","5","1","0","18","8.7",".",".","."
"16820","Charlottesville, VA",".",".",".",".","0.06","0.059",".",".",".","13","6.5",".",".","."
"16860","Chattanooga, TN-GA",".",".",".",".","0.08","0.065",".",".",".","20","8.6",".",".","."
"16940","Cheyenne, WY","0.8","0.7","33","4","0.07","0.065","5","1","0","68","5.5","57","12","."
"16980","Chicago-Naperville-Elgin, IL-IN-WI","3.5","1.4","55","16","0.1","0.079","36","11","2","24","10.3","82","22","0.02"
"17020","Chico, CA","1.7","1.4","30","6","0.09","0.077",".",".",".","33","9","85","22","."
"17140","Cincinnati, OH-KY-IN","1.6","1.2","51","20","0.09","0.072","31","7","1","22","10.9","59","31","."
"17200","Claremont-Lebanon, NH-VT",".",".",".",".","0.07","0.062",".",".",".","14","5.8",".",".","."
"17220","Clarksburg, WV",".",".",".",".",".",".",".",".",".","15","7.5",".",".","."
"17300","Clarksville, TN-KY",".",".",".",".","0.07","0.062",".",".",".","17","8.2",".",".","."
"17340","Clearlake, CA",".",".",".",".",".",".",".",".",".",".",".","69","14","."
"17380","Cleveland, MS",".",".",".",".","0.07","0.059",".",".",".",".",".",".",".","."
"17460","Cleveland-Elyria, OH","5.4","3.3","46","11","0.09","0.073","41","14","1","27","11.2","67","30","0.03"
"17540","Clinton, IA",".",".",".",".","0.07","0.063","16","7","1","19","7.8",".",".","."
"17780","College Station-Bryan, TX",".",".",".",".",".",".","13","3","0",".",".",".",".","."
"17820","Colorado Springs, CO","2.3","1.3",".",".","0.08","0.07","22","7","1","17","6","49","18","."
"17860","Columbia, MO",".",".",".",".","0.07","0.061",".",".",".",".",".",".",".","."
"17900","Columbia, SC","1.1","0.8","37","4","0.08","0.06","3","1","0",".",".",".",".","."
"17980","Columbus, GA-AL",".",".",".",".","0.07","0.059",".",".",".","34","9.7",".",".","0.36"
"18020","Columbus, IN",".",".",".",".","0.07","0.064",".",".",".","16","7.6",".",".","."
"18140","Columbus, OH","1.9","1.6","40","11","0.08","0.07","3","1","0","22","8.8","52","22","0.01"
"18180","Concord, NH",".",".",".",".","0.07","0.065","12","6","1",".",".",".",".","."
"18500","Corning, NY","0.4","0.3",".",".","0.09","0.058","2","1","0","10","4.9",".",".","."
"18580","Corpus Christi, TX",".",".",".",".","0.07","0.061","4","2","0","22","8.5",".",".","."
"18620","Corsicana, TX",".",".","24","2","0.08","0.065","104","24","2",".",".",".",".","."
"18780","Craig, CO",".",".",".",".","0.07","0.063",".",".",".",".",".",".",".","."
"18880","Crestview-Fort Walton Beach-Destin, FL",".",".",".",".","0.07","0.062",".",".",".",".",".","60","16","."
"19000","Cullowhee, NC",".",".",".",".","0.07","0.064",".",".",".","12","6.9",".",".","."
"19060","Cumberland, MD-WV",".",".",".",".",".",".","152","28","3",".",".",".",".","."
"19100","Dallas-Fort Worth-Arlington, TX","1.7","1","45","12","0.1","0.077","7","2","0","20","9","32","16","0.01"
"19140","Dalton, GA",".",".",".",".","0.07","0.065",".",".",".",".",".",".",".","."
"19300","Daphne-Fairhope-Foley, AL",".",".",".",".","0.08","0.064",".",".",".","19","7.4",".",".","."
"19340","Davenport-Moline-Rock Island, IA-IL","1.1","0.7","34","6","0.07","0.066","4","1","0","20","8.1","147","41","."
"19380","Dayton, OH","1.9","1",".",".","0.08","0.07","7","2","0","19","8.6","34","16","."
"19460","Decatur, AL",".",".",".",".","0.07","0.06",".",".",".","16","7.7",".",".","."
"19500","Decatur, IL",".",".",".",".","0.08","0.068","77","30","3",".",".",".",".","0.04"
"19660","Deltona-Daytona Beach-Ormond Beach, FL",".",".",".",".","0.07","0.062",".",".",".","15","7.1",".",".","."
"19700","Deming, NM",".",".",".",".",".",".",".",".",".",".",".","224","25","."
"19740","Denver-Aurora-Lakewood, CO","3.8","1.7","70","27","0.1","0.076","16","3","1","24","9.7","116","35","."
"19780","Des Moines-West Des Moines, IA","1.5","1","38","6","0.07","0.06","1","1","0","18","7.5","47","19","."
"19820","Detroit-Warren-Dearborn, MI","8.2","1.8","47","16","0.09","0.076","70","29","3","30","11.2","133","26","0.08"
"19860","Dickinson, ND",".",".",".",".","0.07","0.061","5","3","1","17","4",".",".","."
"19980","Dodge City, KS",".",".",".",".",".",".",".",".",".",".",".","155","20","."
"20020","Dothan, AL",".",".",".",".","0.06","0.055",".",".",".","18","8.6",".",".","."
"20100","Dover, DE",".",".",".",".","0.08","0.066",".",".",".","15","6.4",".",".","."
"20180","DuBois, PA",".",".",".",".","0.07","0.064",".",".",".",".",".",".",".","."
"20260","Duluth, MN-WI",".",".",".",".","0.07","0.06",".",".",".","18","5.3","62","24","0"
"20420","Durango, CO","1.1","1","27","6","0.08","0.069",".",".",".",".",".","36","16","."
"20460","Durant, OK",".",".",".",".","0.07","0.064",".",".",".",".",".",".",".","."
"20500","Durham-Chapel Hill, NC",".",".",".",".","0.08","0.061","31","6","1","18","9.1","29","13","."
"20700","East Stroudsburg, PA",".",".",".",".","0.07","0.065",".",".",".","18","7.3",".",".","."
"20740","Eau Claire, WI",".",".",".",".","0.07","0.062",".",".",".","17","6.9",".",".","."
"20820","Effingham, IL",".",".",".",".","0.08","0.07",".",".",".",".",".",".",".","."
"20940","El Centro, CA","8.1","4.5","59","12","0.12","0.082","7","3","1","49","12.3","424","56","."
"20980","El Dorado, AR",".",".",".",".",".",".",".",".",".","19","8.9",".",".","."
"21060","Elizabethtown-Fort Knox, KY",".",".",".",".","0.07","0.06",".",".",".","15","8.1",".",".","."
"21140","Elkhart-Goshen, IN",".",".",".",".","0.08","0.064",".",".",".","23","8.5",".",".","."
"21220","Elko, NV",".",".",".",".",".",".",".",".",".",".",".","99","21","."
"21260","Ellensburg, WA",".",".",".",".",".",".",".",".",".","48","11",".",".","."
"21340","El Paso, TX","3.8","2.6","58","10","0.1","0.075","5","2","1","28","9.3","104","32","0.02"
"21420","Enid, OK",".",".",".",".",".",".","54","11","1",".",".",".",".","."
"21500","Erie, PA","0.7","0.4","31","3","0.07","0.063",".",".",".","18","7.9","23","9","."
"21580","Espa¤ola, NM",".",".",".",".","0.08","0.07",".",".",".",".",".",".",".","."
"21660","Eugene, OR",".",".",".",".","0.11","0.073",".",".",".","153","13.6","226","20","."
"21700","Eureka-Arcata-Fortuna, CA","2.3","1.8","20","3","0.08","0.053","1","1","0","28","8.3",".",".","."
"21740","Evanston, WY",".",".","16","2","0.07","0.06",".",".",".",".",".","44","9","."
"21780","Evansville, IN-KY","1.5","1.2","29","8","0.08","0.068","94","26","2","19","8.9","26","14","."
"21820","Fairbanks, AK","2.9","2","55","13","0.05","0.048","35","23","6","43","9.6","49","15","."
"21980","Fallon, NV",".",".",".",".","0.08","0.069",".",".",".",".",".",".",".","."
"22020","Fargo, ND-MN",".",".","34","4","0.07","0.061","4","1","0","15","7.7","71","16","."
"22100","Farmington, MO",".",".",".",".",".",".",".",".",".",".",".",".",".","0.03"
"22140","Farmington, NM",".",".","33","10","0.08","0.071","7","2","0",".",".",".",".","."
"22180","Fayetteville, NC",".",".",".",".","0.07","0.063",".",".",".","18","8.9","27","11","."
"22220","Fayetteville-Springdale-Rogers, AR-MO",".",".",".",".","0.07","0.061",".",".",".","15","7.8","44","18","."
"22280","Fernley, NV",".",".",".",".","0.09","0.069",".",".",".",".",".",".",".","."
"22380","Flagstaff, AZ",".",".",".",".","0.07","0.066",".",".",".",".",".",".",".","."
"22420","Flint, MI",".",".",".",".","0.07","0.064",".",".",".","17","7.1",".",".","."
"22500","Florence, SC",".",".",".",".","0.07","0.06",".",".",".",".",".",".",".","0.08"
"22520","Florence-Muscle Shoals, AL",".",".",".",".","0.06","0.056",".",".",".","16","7.4",".",".","."
"22540","Fond du Lac, WI",".",".",".",".","0.07","0.062",".",".",".",".",".",".",".","."
"22660","Fort Collins, CO","2","1.2",".",".","0.09","0.075",".",".",".","18","7.4","50","21","."
"22800","Fort Madison-Keokuk, IA-IL-MO",".",".",".",".",".",".",".",".",".","15","8.1",".",".","."
"22840","Fort Payne, AL",".",".",".",".","0.06","0.058",".",".",".","17","8",".",".","."
"22900","Fort Smith, AR-OK",".",".","28","5","0.07","0.058",".",".",".","16","8.2",".",".","."
"23060","Fort Wayne, IN",".",".",".",".","0.07","0.064",".",".",".","20","8.3",".",".","."
"23340","Fremont, NE",".",".",".",".",".",".",".",".",".",".",".",".",".","0.04"
"23420","Fresno, CA","2.3","1.7","59","21","0.12","0.095","5","2","1","73","15","164","43","."
"23460","Gadsden, AL",".",".",".",".","0.07","0.061",".",".",".","18","8.9",".",".","."
"23540","Gainesville, FL",".",".",".",".","0.08","0.063",".",".",".","18","7.1",".",".","."
"23580","Gainesville, GA",".",".",".",".",".",".",".",".",".","15","7.5",".",".","."
"23900","Gettysburg, PA","0.7","0.6",".","1","0.07","0.062","4","2","0","18","7.6",".",".","."
"23940","Gillette, WY",".",".","31","5","0.08","0.068",".",".",".","26","5.6","161","30","."
"24060","Glenwood Springs, CO",".",".","21","4","0.08","0.063",".",".",".","11","4.1","40","18","."
"24260","Grand Island, NE",".",".",".",".",".",".",".",".",".","15","6",".",".","."
"24300","Grand Junction, CO","1.2","0.9",".",".","0.07","0.064",".",".",".","16","5.7","44","17","."
"24340","Grand Rapids-Wyoming, MI","1.4","1",".",".","0.07","0.066","21","8","1","26","9.1","29","15","0"
"24420","Grants Pass, OR",".",".",".",".",".",".",".",".",".","100","12.8",".",".","."
"24540","Greeley, CO","1.2","0.8",".",".","0.09","0.072",".",".",".","22","8.6","56","22","."
"24580","Green Bay, WI",".",".",".",".","0.08","0.067","11","2","0","21","7.1",".",".","."
"24640","Greenfield Town, MA",".",".",".",".","0.07","0.064",".",".",".","14","5.9",".",".","."
"24660","Greensboro-High Point, NC",".",".",".",".","0.08","0.065",".",".",".","16","7.7","28","11","."
"24780","Greenville, NC",".",".",".",".","0.07","0.061",".",".",".","13","6.8",".",".","."
"24860","Greenville-Anderson-Mauldin, SC",".",".","40","8","0.07","0.062",".",".",".","20","8.4","27","13","."
"25060","Gulfport-Biloxi-Pascagoula, MS",".",".","30","4","0.08","0.064",".",".",".","20","8",".",".","."
"25180","Hagerstown-Martinsburg, MD-WV",".",".",".",".","0.08","0.065",".",".",".","21","8.5",".",".","."
"25220","Hammond, LA",".",".",".",".",".",".",".",".",".","19","8",".",".","."
"25260","Hanford-Corcoran, CA",".",".","43","8","0.1","0.085",".",".",".","79","17.2","177","56","."
"25420","Harrisburg-Carlisle, PA",".",".",".",".","0.07","0.06",".",".",".","26","8.6","29","14","."
"25460","Harrison, AR",".",".",".",".","0.06","0.056",".",".",".",".",".",".",".","."
"25500","Harrisonburg, VA",".",".","35","8","0.07","0.059","2","1","0","15","6.9",".",".","."
"25540","Hartford-West Hartford-East Hartford, CT","1.7","1.1","56","16","0.1","0.079",".",".",".","17","7.9","50","16","."
"25620","Hattiesburg, MS",".",".",".",".",".",".",".",".",".","16","8.3",".",".","."
"25740","Helena, MT","0.9","0.7",".",".","0.08","0.062","4","1","0","59","12.7",".",".","."
"25840","Hermiston-Pendleton, OR",".",".",".",".","0.09","0.073",".",".",".",".",".",".",".","."
"25860","Hickory-Lenoir-Morganton, NC",".",".",".",".","0.07","0.063",".",".",".","21","8.5",".",".","."
"25900","Hilo, HI",".",".",".",".",".",".","1609","351","35","27","10.9",".",".","."
"26020","Hobbs, NM",".",".","32","4","0.08","0.069",".",".",".",".",".",".",".","."
"26090","Holland, MI",".",".",".",".","0.08","0.071",".",".",".","25","7.5",".",".","."
"26140","Homosassa Springs, FL",".",".",".",".",".",".","37","6","1",".",".",".",".","."
"26300","Hot Springs, AR",".",".",".",".",".",".",".",".",".","21","8.8",".",".","."
"26380","Houma-Thibodaux, LA",".",".",".",".","0.07","0.061",".",".",".","19","7.5",".",".","."
"26420","Houston-The Woodlands-Sugar Land, TX","2.1","1.9","52","14","0.11","0.079","19","8","0","24","10.4","80","27","."
"26540","Huntington, IN",".",".",".",".","0.07","0.061",".",".",".",".",".",".",".","."
"26580","Huntington-Ashland, WV-KY-OH",".",".","30","4","0.07","0.062","7","2","1","17","7.8","34","18","0.01"
"26620","Huntsville, AL",".",".",".",".","0.07","0.063",".",".",".","16","7.4","27","14","."
"26820","Idaho Falls, ID",".",".",".",".","0.07","0.063",".",".",".",".",".",".",".","."
"26860","Indiana, PA",".",".",".",".","0.07","0.068","24","5","1",".",".",".",".","."
"26900","Indianapolis-Carmel-Anderson, IN","3.8","2.9","39","13","0.08","0.069","47","20","1","24","10.5","54","24","0.02"
"26960","Ionia, MI",".",".",".",".",".",".",".",".",".",".",".",".",".","0.02"
"26980","Iowa City, IA",".",".",".",".",".",".",".",".",".","18","7.3",".",".","."
"27060","Ithaca, NY",".",".",".",".","0.06","0.057","25","4","0",".",".",".",".","."
"27140","Jackson, MS","1.4","1.2",".","7","0.07","0.059",".",".",".",".",".",".",".","."
"27180","Jackson, TN",".",".",".",".",".",".",".",".",".","13","6.9",".",".","."
"27220","Jackson, WY-ID","0.7","0.6",".",".","0.07","0.063",".",".",".","21","5.2","42","12","."
"27260","Jacksonville, FL","2.6","1.4","35","11","0.08","0.062","32","13","1",".",".",".",".","."
"27420","Jamestown, ND",".",".",".",".",".",".","34","5","1",".",".","89","15","."
"27460","Jamestown-Dunkirk-Fredonia, NY",".",".",".",".","0.08","0.066","3","1","0","14","6.2",".",".","."
"27500","Janesville-Beloit, WI",".",".",".",".","0.07","0.064",".",".",".",".",".",".",".","."
"27540","Jasper, IN",".",".",".",".",".",".","24","4","1","18","8.3","25","14","."
"27620","Jefferson City, MO",".",".",".",".","0.06","0.059",".",".",".",".",".",".",".","."
"27780","Johnstown, PA","1","0.6","32","6","0.07","0.062","19","3","0","24","11.8","29","11","."
"27900","Joplin, MO",".",".",".",".","0.07","0.06",".",".",".",".",".","69","23","."
"27940","Juneau, AK",".",".",".",".",".",".",".",".",".","22","5.6","30","7","."
"27980","Kahului-Wailuku-Lahaina, HI",".",".",".",".",".",".",".",".",".","11","4.1",".",".","."
"28020","Kalamazoo-Portage, MI",".",".",".",".","0.08","0.068",".",".",".","23","8.4",".",".","."
"28060","Kalispell, MT",".",".",".",".","0.06","0.053",".",".",".","45","10.6","225","28","."
"28140","Kansas City, MO-KS","1.9","1.4","47","12","0.09","0.07","18","7","1","22","9.9","117","29","."
"28180","Kapaa, HI",".",".",".",".",".",".","2","2","0","9","2.6",".",".","."
"28300","Keene, NH",".",".",".",".","0.07","0.064",".",".",".","17","5",".",".","."
"28420","Kennewick-Richland, WA",".",".",".",".","0.09",".",".",".",".",".",".","207","19","."
"28660","Killeen-Temple, TX",".",".",".",".","0.08","0.072",".",".",".",".",".",".",".","."
"28700","Kingsport-Bristol-Bristol, TN-VA",".",".",".",".","0.08","0.065","92","32","3","16","7.2",".",".","0"
"28820","Kinston, NC",".",".",".",".","0.07","0.062",".",".",".",".",".",".",".","."
"28900","Klamath Falls, OR",".",".",".",".",".",".",".",".",".","55","11.7",".",".","."
"28940","Knoxville, TN","0.3","0.2","5","1","0.08","0.067","6","2","0","21","8.9","40","16","0.02"
"29020","Kokomo, IN",".",".",".",".",".",".",".",".",".","19","8.4",".",".","."
"29060","Laconia, NH",".",".",".",".","0.07","0.063",".",".",".","11","4.7",".",".","."
"29100","La Crosse-Onalaska, WI-MN",".",".",".",".","0.07","0.062",".",".",".","18","6.7",".",".","."
"29180","Lafayette, LA",".",".",".",".","0.08","0.066",".",".",".","21","8","69","17","."
"29200","Lafayette-West Lafayette, IN",".",".",".",".","0.07","0.061",".",".",".","19","8.8",".",".","."
"29340","Lake Charles, LA",".",".","35","6","0.08","0.064","23","6","1","21","7.8",".",".","."
"29380","Lake City, FL",".",".",".",".","0.07","0.062",".",".",".",".",".",".",".","."
"29420","Lake Havasu City-Kingman, AZ",".",".",".",".",".",".",".",".",".",".",".","91","19","."
"29460","Lakeland-Winter Haven, FL",".",".",".",".","0.08","0.072",".",".",".","15","7.5",".",".","."
"29540","Lancaster, PA",".",".",".",".","0.08","0.068",".",".",".","25","10.7","28","13","0.07"
"29620","Lansing-East Lansing, MI",".",".","36","6","0.07","0.066","8","2","1","17","7.2",".",".","."
"29660","Laramie, WY",".",".",".",".","0.08","0.066",".",".",".","14","5.4","111","21","."
"29700","Laredo, TX","2","1.2",".",".",".",".",".",".",".",".",".",".",".","."
"29740","Las Cruces, NM",".",".","43","6","0.09","0.077",".",".",".","37","8.4","475","42","."
"29820","Las Vegas-Henderson-Paradise, NV","3.2","2.8","61","27","0.09","0.076","6","4","1","28","9.1","119","29","."
"29980","Lawrenceburg, TN",".",".",".",".",".",".",".",".",".","15","6.6",".",".","."
"30020","Lawton, OK",".",".",".",".","0.08","0.067",".",".",".","14","7",".",".","."
"30140","Lebanon, PA",".",".",".",".","0.07","0.064",".",".",".","30","11.5",".",".","."
"30340","Lewiston-Auburn, ME",".",".",".",".","0.08","0.062",".",".",".","18","8.2","34","14","."
"30460","Lexington-Fayette, KY",".",".",".","5","0.07","0.064","4","2","0","18","7.8","40","15","."
"30620","Lima, OH",".",".",".",".","0.08","0.069","2","1","0","16","7.6",".",".","."
"30700","Lincoln, NE",".",".",".",".","0.08","0.062","44","24","1","30","7.1",".",".","."
"30780","Little Rock-North Little Rock-Conway, AR","1.7","1.5","39","8","0.07","0.062","8","2","1","23","9.9","36","19","."
"30860","Logan, UT-ID",".",".",".","5","0.07","0.063",".",".",".","86","10.7","80","18","."
"30980","Longview, TX",".",".","18","3","0.07","0.062","27","6","1",".",".",".",".","."
"31080","Los Angeles-Long Beach-Anaheim, CA","5.6","3.5","83","25","0.15","0.111","14","3","1","53","14.9","111","33","0.01"
"31140","Louisville/Jefferson County, KY-IN","1.7","1.3","47","15","0.08","0.074","14","4","1","21","9.8","30","15","."
"31220","Ludington, MI",".",".",".",".","0.07","0.064",".",".",".",".",".",".",".","."
"31340","Lynchburg, VA",".",".",".",".",".",".",".",".",".","15","6.5",".",".","."
"31420","Macon, GA",".",".",".",".","0.08","0.063","2","1","1","18","9.6",".",".","."
"31460","Madera, CA","2.3","1","31","6","0.1","0.085",".",".",".","46","12.5","128","34","."
"31540","Madison, WI",".",".",".",".","0.07","0.065","3","2","1","22","7.8","28","14","."
"31660","Malone, NY",".",".","21","2","0.07","0.061","1","1","0",".",".",".",".","."
"31700","Manchester-Nashua, NH","0.3","0.3",".",".","0.08","0.066","3","2","1","10","3.2",".",".","."
"31820","Manitowoc, WI",".",".",".",".","0.09","0.071",".",".",".",".",".",".",".","."
"31930","Marietta, OH",".",".",".",".","0.07","0.062",".",".",".",".",".",".",".","0"
"32020","Marion, OH",".",".",".",".",".",".",".",".",".",".",".",".",".","0.02"
"32140","Marshall, MN",".",".",".",".","0.07","0.062",".",".",".","14","5",".",".","."
"32220","Marshall, TX",".",".","20","2","0.08","0.063","33","7","1","18","8.5","23","14","."
"32380","Mason City, IA",".",".",".",".",".",".",".",".",".",".",".","58","18","."
"32540","McAlester, OK",".",".",".",".","0.07","0.061",".",".",".","16","7.9",".",".","."
"32580","McAllen-Edinburg-Mission, TX",".",".",".",".","0.06","0.055",".",".",".","26","10.1","49","25","."
"32780","Medford, OR",".",".",".",".","0.1","0.078",".",".",".","111","15.3","136","23","."
"32820","Memphis, TN-MS-AR","1.1","0.7","37","10","0.08","0.068","7","2","0","16","8.5",".",".","."
"32900","Merced, CA",".",".","35","7","0.09","0.078",".",".",".","45","13.3","94","35","."
"32940","Meridian, MS",".",".",".",".","0.06","0.055",".",".",".",".",".",".",".","."
"33060","Miami, OK",".",".",".",".","0.07","0.06",".",".",".",".",".","57","18","0.02"
"33100","Miami-Fort Lauderdale-West Palm Beach, FL","2.5","1.6","44","15","0.09","0.067","1","0","0","24","9.8","53","23","."
"33140","Michigan City-La Porte, IN",".",".",".",".","0.09","0.077",".",".",".","20","7.4",".",".","."
"33180","Middlesborough, KY",".",".",".",".","0.07","0.06",".",".",".","16","7.6",".",".","."
"33340","Milwaukee-Waukesha-West Allis, WI","0.7","0.5","44","14","0.09","0.073","5","1","0","24","8.6","57","14","."
"33460","Minneapolis-St. Paul-Bloomington, MN-WI","4.5","4.4","44","13","0.08","0.063","18","6","1","20","8.7","150","41","0.11"
"33500","Minot, ND",".",".",".","2","0.06","0.056",".",".",".",".",".",".",".","."
"33540","Missoula, MT",".",".",".",".","0.07","0.059",".",".",".","73","13.2","201","22","."
"33660","Mobile, AL",".",".",".",".","0.08","0.065",".",".",".","17","8",".",".","."
"33700","Modesto, CA","2","1.6","46","10","0.11","0.084",".",".",".","51","12.9","112","36","."
"33740","Monroe, LA",".",".",".",".","0.07","0.061",".",".",".","17","7.8",".",".","."
"33780","Monroe, MI",".",".",".",".",".",".","8","3","1","21","7.7",".",".","."
"33860","Montgomery, AL",".",".",".",".","0.06","0.057",".",".",".","20","9","34","15","."
"33940","Montrose, CO",".",".",".",".","0.06","0.058",".",".",".",".",".",".",".","."
"33980","Morehead City, NC",".",".",".",".","0.06","0.057",".",".",".",".",".",".",".","."
"34060","Morgantown, WV",".",".",".",".","0.07","0.061",".",".",".","18","7.3",".",".","."
"34100","Morristown, TN",".",".",".",".","0.08","0.065",".",".",".",".",".",".",".","."
"34420","Mount Pleasant, TX",".",".",".",".",".",".","33","7","1",".",".",".",".","."
"34500","Mount Vernon, IL",".",".",".",".","0.07","0.064",".",".",".","16","8.7",".",".","."
"34540","Mount Vernon, OH",".",".",".",".","0.07","0.063",".",".",".",".",".",".",".","."
"34580","Mount Vernon-Anacortes, WA",".",".",".","5","0.05","0.041","3","2","0","14","5.7",".",".","."
"34620","Muncie, IN",".",".",".",".","0.07","0.063",".",".",".","16","7.7",".",".","0.04"
"34700","Muscatine, IA",".",".",".",".",".",".","35","17","1","19","8.1","43","19","."
"34740","Muskegon, MI",".",".",".",".","0.09","0.074",".",".",".",".",".",".",".","."
"34780","Muskogee, OK",".",".",".",".",".",".","52","14","1",".",".",".",".","."
"34820","Myrtle Beach-Conway-North Myrtle Beach, SC-NC",".",".",".",".","0.06","0.056","83","18","2",".",".",".",".","."
"34900","Napa, CA","4.8","3.4","35","7","0.09","0.065",".",".",".","54","13.7",".",".","."
"34940","Naples-Immokalee-Marco Island, FL",".",".",".",".","0.07","0.062",".",".",".",".",".",".",".","."
"34980","Nashville-Davidson--Murfreesboro--Franklin, TN","1.9","1.5","51","14","0.09","0.064","5","7","0","19","9.7","34","15","."
"35220","New Castle, IN",".",".",".",".",".",".",".",".",".","15","7.2",".",".","."
"35260","New Castle, PA",".",".",".",".","0.07","0.062","7","2","0",".",".",".",".","0.03"
"35300","New Haven-Milford, CT","1.4","0.9",".","13","0.11","0.086","2","1","0","18","6.7","30","12","."
"35380","New Orleans-Metairie, LA","2.3","1.9","45","10","0.09","0.066","53","17","3","23","8.2","81","18","0.13"
"35620","New York-Newark-Jersey City, NY-NJ-PA","2.3","1.6","67","20","0.11","0.079","7","4","1","23","10.3","32","16","0.01"
"35660","Niles-Benton Harbor, MI",".",".",".",".","0.08","0.069",".",".",".","26","8",".",".","."
"35700","Nogales, AZ",".",".",".",".",".",".",".",".",".","30","8.9","153","36","."
"35840","North Port-Sarasota-Bradenton, FL",".",".","14","2","0.09","0.067","8","3","1","15","7","48","18","."
"35980","Norwich-New London, CT",".",".",".",".","0.1","0.078",".",".",".","14","5.2",".",".","."
"36100","Ocala, FL",".",".",".",".","0.07","0.064",".",".",".",".",".",".",".","."
"36260","Ogden-Clearfield, UT","2.7","1.7",".","18","0.1","0.078",".",".",".","39","9","107","23","."
"36300","Ogdensburg-Massena, NY",".",".",".",".",".",".","91","54","5",".",".",".",".","."
"36420","Oklahoma City, OK","1.8","1.3","43","16","0.09","0.071","2","1","0","16","7.8","37","19","."
"36500","Olympia-Tumwater, WA",".",".",".",".","0.09","0.067",".",".",".",".",".",".",".","."
"36540","Omaha-Council Bluffs, NE-IA","2","1.5",".",".","0.08","0.064","55","20","1","21","9.7","113","28","0.05"
"36740","Orlando-Kissimmee-Sanford, FL","2.8","1.4","30","4","0.09","0.068","5","1","0","18","7.8","59","13","."
"36860","Ottawa-Peru, IL",".",".",".",".",".",".","13","5","1",".",".",".",".","."
"36980","Owensboro, KY",".",".",".","4","0.07","0.065","17","5","1","17","8.1",".",".","."
"37080","Oxford, NC",".",".",".",".","0.08","0.065",".",".",".",".",".",".",".","."
"37100","Oxnard-Thousand Oaks-Ventura, CA",".",".","37","8","0.1","0.081",".",".",".","101","13.7","133","29","."
"37140","Paducah, KY-IL",".",".","31","5","0.07","0.063","12","3","1",".",".","27","15","."
"37220","Pahrump, NV",".",".",".",".",".",".",".",".",".",".",".","231","22","."
"37260","Palatka, FL",".",".",".",".",".",".","20","9","1",".",".","58","18","."
"37340","Palm Bay-Melbourne-Titusville, FL",".",".",".",".","0.07","0.061",".",".",".",".",".","49","14","."
"37460","Panama City, FL",".",".",".",".","0.07","0.059",".",".",".",".",".",".",".","."
"37620","Parkersburg-Vienna, WV",".",".",".",".","0.07","0.058","19","6","1","18","8.1",".",".","."
"37740","Payson, AZ",".",".",".",".","0.09","0.076","280","44","9",".",".","122","31","0.28"
"37860","Pensacola-Ferry Pass-Brent, FL",".",".",".",".","0.08","0.066","8","2","1","16","7.8",".",".","."
"37900","Peoria, IL",".",".",".",".","0.08","0.066","19","4","1",".",".",".",".","."
"37980","Philadelphia-Camden-Wilmington, PA-NJ-DE-MD","4.1","2.6","46","12","0.1","0.079","10","4","1","24","11.4","46","22","0.01"
"38060","Phoenix-Mesa-Scottsdale, AZ","4.6","2.9","67","31","0.1","0.079","10","4","1","36","15.6","416","87","0.05"
"38180","Pierre, SD",".",".",".",".",".",".",".",".",".","12","3.5",".",".","."
"38300","Pittsburgh, PA","6","3.7","37","10","0.08","0.072","116","29","4","80","14.8","93","24","0.01"
"38340","Pittsfield, MA",".",".",".",".",".",".",".",".",".","19","8.1",".",".","."
"38420","Platteville, WI",".",".",".",".",".",".",".",".",".","18","6.8",".",".","."
"38540","Pocatello, ID",".",".",".",".",".",".","37","15","4","31","8.6","120","21","."
"38580","Point Pleasant, WV-OH",".",".",".",".",".",".","38","8","2",".",".",".",".","."
"38620","Ponca City, OK",".",".",".",".","0.07","0.064","29","13","1","17","7.8",".",".","."
"38660","Ponce, PR",".","2",".",".",".",".",".",".",".",".",".",".",".","."
"38820","Port Angeles, WA","0.6","0.4",".",".","0.07","0.056",".",".",".",".",".",".",".","."
"38860","Portland-South Portland, ME","1.9","1","49","8","0.09","0.064","7","5","2","16","6.9","53","19","."
"38900","Portland-Vancouver-Hillsboro, OR-WA","1.6","1.1","40","12","0.1","0.083","3","2","0","36","8.2","62","15","."
"38940","Port St. Lucie, FL",".",".",".",".","0.08","0.063",".",".",".",".",".",".",".","."
"39020","Portsmouth, OH",".",".",".",".",".",".","13","3","1",".",".","25","11","."
"39140","Prescott, AZ",".",".",".",".","0.08","0.072",".",".",".",".",".",".",".","."
"39220","Price, UT",".",".",".","3","0.07","0.066",".",".",".",".",".",".",".","."
"39260","Prineville, OR",".",".",".",".",".",".",".",".",".","58","11.5",".",".","."
"39300","Providence-Warwick, RI-MA","2.6","1.6","50","18","0.1","0.076","11","5","1","18","8.3","30","15","."
"39340","Provo-Orem, UT","2.1","1.6",".","15","0.09","0.073",".",".",".","61","8.4","88","23","."
"39380","Pueblo, CO",".",".",".",".",".",".",".",".",".","16","5.6","60","19","."
"39500","Quincy, IL-MO",".",".",".",".","0.07","0.065",".",".",".",".",".",".",".","."
"39540","Racine, WI",".",".",".",".","0.09","0.08",".",".",".",".",".",".",".","."
"39580","Raleigh, NC","1.5","1.2","35","9","0.08","0.066","2","1","0","18","9.2","31","14","."
"39660","Rapid City, SD",".",".","40","6","0.08","0.065","5","3","1","24","7.6","99","29","."
"39740","Reading, PA",".",".",".",".","0.09","0.07","7","4","1","24","8.4",".",".","0.05"
"39780","Red Bluff, CA",".",".",".",".","0.09","0.073",".",".",".","23","7.2","71","20","."
"39820","Redding, CA",".",".",".",".","0.09","0.075",".",".",".","32","7.8","62","21","."
"39860","Red Wing, MN",".",".",".",".","0.07","0.061",".",".",".",".",".",".",".","."
"39900","Reno, NV","2.7","2.2","52","13","0.08","0.069","5","3","0","24","8","101","23","."
"40060","Richmond, VA","1.5","1.1","43","12","0.08","0.067","18","4","0","17","8.2","25","13","."
"40080","Richmond-Berea, KY",".",".",".",".",".",".",".",".",".","15","7.5",".",".","0.05"
"40140","Riverside-San Bernardino-Ontario, CA","4.1","1.8","77","32","0.15","0.114","28","5","1","40","14.6","251","57","0.01"
"40180","Riverton, WY",".",".","4","0","0.07","0.063","65","17","2","27","7.5","52","14","."
"40220","Roanoke, VA","1","0.7","32","5","0.07","0.058","40","8","1","14","7",".",".","0.02"
"40340","Rochester, MN",".",".",".",".","0.07","0.062",".",".",".","18","7.1",".",".","."
"40380","Rochester, NY","1","0.8","36","9","0.08","0.067","20","4","0","15","6.7","28","11","."
"40420","Rockford, IL",".",".",".",".","0.07","0.064",".",".",".","17","8.1",".",".","."
"40500","Rockland, ME",".",".",".",".","0.09","0.062",".",".",".",".",".",".",".","."
"40540","Rock Springs, WY",".",".","33","3","0.08","0.067","29","7","2","23","5.8","259","23","."
"40580","Rocky Mount, NC",".",".",".",".","0.07","0.061",".",".",".",".",".",".",".","."
"40660","Rome, GA",".",".",".",".",".",".","22","6","1",".",".",".",".","."
"40860","Rutland, VT","1.5","0.7","34","6","0.07","0.063","2","1","0","19","7","27","13","."
"40900","Sacramento--Roseville--Arden-Arcade, CA","1.8","1.6","50","10","0.11","0.082",".",".",".","41","10.8","87","23","."
"41060","St. Cloud, MN",".",".",".",".","0.07","0.06",".",".",".","15","5.8",".",".","."
"41100","St. George, UT",".",".",".","3","0.07","0.067",".",".",".",".",".",".",".","."
"41140","St. Joseph, MO-KS",".",".",".",".","0.07","0.064",".",".",".","19","8.6","80","31","."
"41180","St. Louis, MO-IL","2","1.4","47","11","0.1","0.074","30","5","2","21","9.4","125","27","0.23"
"41260","St. Marys, PA",".",".",".",".","0.07","0.064",".",".",".",".",".",".",".","."
"41400","Salem, OH",".",".",".",".",".",".","9","3","1",".",".","27","14","0.02"
"41420","Salem, OR",".",".",".",".","0.1","0.078",".",".",".",".",".",".",".","."
"41460","Salina, KS",".",".",".",".",".",".",".",".",".",".",".",".",".","0.15"
"41500","Salinas, CA","1.6","0.8","27","4","0.07","0.057",".",".",".","29","7.9","95","29","."
"41540","Salisbury, MD-DE",".",".",".",".","0.07","0.063","1","0","0","17","7.4",".",".","."
"41620","Salt Lake City, UT","4.7","1.5","43","13","0.1","0.081",".",".",".","41","9.3","87","20","."
"41700","San Antonio-New Braunfels, TX","1.7","1.1","40","8","0.09","0.073","29","4","2","25","8.9","73","21","."
"41740","San Diego-Carlsbad, CA","1.9","1.4","52","16","0.11","0.09","1","0","0","19","9.6","67","27","0.02"
"41760","Sandpoint, ID",".",".",".",".",".",".",".",".",".",".",".","192","17","."
"41820","Sanford, NC",".",".","7","1","0.07","0.059","1","1","0",".",".",".",".","."
"41860","San Francisco-Oakland-Hayward, CA","3.1","2.1","59","17","0.13","0.079","16","5","2","43","12.8","59","21","."
"41940","San Jose-Sunnyvale-Santa Clara, CA","2.5","1.8","52","17","0.11","0.075",".","1",".","41","10.8","74","21","0.07"
"41980","San Juan-Carolina-Caguas, PR","12.7","2.5",".",".",".",".",".",".",".",".",".",".",".","."
"42020","San Luis Obispo-Paso Robles-Arroyo Grande, CA",".",".","32","4","0.08","0.071","0","0","0","26","9.6","138","39","."
"42100","Santa Cruz-Watsonville, CA",".",".",".",".","0.08","0.06",".",".",".","21","7.1",".",".","."
"42140","Santa Fe, NM",".",".",".",".","0.08","0.065",".",".",".",".",".",".",".","."
"42200","Santa Maria-Santa Barbara, CA","2.2","1.6","27","6","0.08","0.068","3","1","0","40","9.4","208","30","."
"42220","Santa Rosa, CA","1.8","1.1","29","5","0.08","0.062",".",".",".","26","8.1","152","16","."
"42300","Sault Ste. Marie, MI",".",".",".",".","0.06","0.051",".",".",".",".",".",".",".","."
"42340","Savannah, GA",".",".",".",".","0.07","0.057","53","12","1",".",".",".",".","."
"42380","Sayre, PA",".",".","18","4","0.06","0.055",".",".",".","17","6.5",".",".","."
"42420","Scottsbluff, NE",".",".",".",".",".",".",".",".",".","24","7.6",".",".","."
"42540","Scranton--Wilkes-Barre--Hazleton, PA","0.8","0.7","43","9","0.07","0.062","3","1","0","17","8.6","27","11","0.01"
"42660","Seattle-Tacoma-Bellevue, WA","2.6","1.7","44","20","0.12","0.094",".",".",".","44","9.7",".",".","."
"42680","Sebastian-Vero Beach, FL",".",".",".",".","0.08","0.063",".",".",".",".",".",".",".","."
"42700","Sebring, FL",".",".",".",".","0.07","0.061",".",".",".",".",".",".",".","."
"42860","Seneca, SC",".",".",".",".","0.07","0.062","1","1","0",".",".",".",".","."
"42900","Seneca Falls, NY",".",".",".",".",".",".","3","1","0",".",".",".",".","."
"42940","Sevierville, TN",".",".",".",".","0.08","0.065",".",".",".",".",".",".",".","."
"42980","Seymour, IN",".",".",".",".","0.07","0.063",".",".",".",".",".",".",".","."
"43100","Sheboygan, WI",".",".",".",".","0.09","0.075",".",".",".",".",".",".",".","0.02"
"43260","Sheridan, WY",".",".",".",".","0.07","0.067",".",".",".","40","6.4","82","18","."
"43320","Show Low, AZ",".",".",".",".","0.07","0.065",".",".",".",".",".","49","19","."
"43340","Shreveport-Bossier City, LA",".",".",".",".","0.08","0.067","7","4","1","19","10.7","53","15","."
"43420","Sierra Vista-Douglas, AZ",".",".",".",".","0.08","0.067",".",".",".",".",".","148","30","."
"43580","Sioux City, IA-NE-SD",".",".","15","2","0.07","0.066","4","1","0","19","7.6","48","15","."
"43620","Sioux Falls, SD","1.2","0.7","30","4","0.07","0.066","5","1","1","17","7.4","54","17","."
"43700","Somerset, KY",".",".",".",".","0.07","0.059",".",".",".","17","7.5",".",".","."
"43740","Somerset, PA",".",".",".",".","0.08","0.066",".",".",".",".",".",".",".","."
"43760","Sonora, CA",".",".",".",".","0.09","0.077",".",".",".",".",".",".",".","."
"43780","South Bend-Mishawaka, IN-MI",".",".","36","8","0.08","0.072",".",".",".","22","8.2",".",".","."
"43900","Spartanburg, SC",".",".",".",".","0.08","0.064",".",".",".",".",".",".",".","."
"44060","Spokane-Spokane Valley, WA",".",".",".",".","0.08","0.068",".",".",".","48","10.9","224","22","."
"44100","Springfield, IL",".",".",".",".","0.08","0.069",".",".",".",".",".",".",".","."
"44140","Springfield, MA","1.3","1","44","12","0.1","0.072","4","3","1","17","6.9","18","6","."
"44180","Springfield, MO",".",".",".",".","0.07","0.063",".",".",".","16","7.4",".",".","."
"44220","Springfield, OH",".",".",".",".","0.08","0.068","4","2","0","20","8.2",".",".","."
"44300","State College, PA",".",".","27","4","0.07","0.063",".",".",".","22","8.5",".",".","."
"44460","Steamboat Springs, CO",".",".",".",".",".",".",".",".",".",".",".","76","19","."
"44700","Stockton-Lodi, CA","2.2","1.9","52","11","0.09","0.075",".",".",".","47","12.2","159","29","."
"44900","Summerville, GA",".",".",".",".","0.06","0.057",".",".",".",".",".",".",".","."
"45060","Syracuse, NY",".",".",".",".","0.07","0.064","2","1","0","13","5.5",".",".","."
"45140","Tahlequah, OK",".",".",".",".","0.07","0.059",".",".",".",".",".",".",".","."
"45180","Talladega-Sylacauga, AL",".",".",".",".",".",".",".",".",".","19","8.7",".",".","."
"45220","Tallahassee, FL","0.4","0.4",".",".","0.08","0.063",".",".",".","19","8",".",".","."
"45300","Tampa-St. Petersburg-Clearwater, FL","3.2","1.9","29","10","0.09","0.068","15","4","1","22","8","51","20","0.13"
"45460","Terre Haute, IN",".",".",".",".","0.08","0.068","3","2","1","24","9.3","35","15","."
"45500","Texarkana, TX-AR",".",".",".",".",".",".",".",".",".","18","9",".",".","."
"45520","The Dalles, OR",".",".",".",".","0.08","0.068",".",".",".",".",".",".",".","."
"45780","Toledo, OH",".",".",".",".","0.08","0.069","14","3","0","20","8.3",".",".","0.11"
"45820","Topeka, KS",".",".",".",".","0.07","0.062",".",".",".",".",".",".",".","."
"45860","Torrington, CT","3.5","0.6",".",".","0.08","0.067","2","1","0","12","4.3","22","7","."
"45900","Traverse City, MI",".",".",".",".","0.08","0.065",".",".",".",".",".",".",".","."
"45940","Trenton, NJ",".",".",".",".","0.09","0.071",".",".",".","18","8.1",".",".","."
"45980","Troy, AL",".",".",".",".",".",".",".",".",".",".",".",".",".","0.09"
"46020","Truckee-Grass Valley, CA",".",".",".",".","0.11","0.09",".",".",".","32","5.8",".",".","."
"46060","Tucson, AZ","1.8","1.2","37","8","0.08","0.073","2","1","0","17","6.7","156","49","."
"46140","Tulsa, OK","1.4","1","37","7","0.08","0.065","14","6","1","25","10.2","32","17","0.01"
"46180","Tupelo, MS",".",".",".",".","0.06","0.055",".",".",".",".",".",".",".","."
"46220","Tuscaloosa, AL",".",".",".",".","0.07","0.058",".",".",".",".",".",".",".","."
"46340","Tyler, TX",".",".","15","2","0.07","0.063",".",".",".",".",".",".",".","."
"46380","Ukiah, CA",".",".",".",".","0.07","0.057",".",".",".","34","9.4","78","13","."
"46520","Urban Honolulu, HI","1.7","1","33","4","0.06","0.049","55","11","1","14","4.4","38","15","0"
"46540","Utica-Rome, NY",".",".",".",".","0.07","0.057",".",".",".",".",".",".",".","."
"46660","Valdosta, GA",".",".",".",".",".",".",".",".",".","21","8.2",".",".","."
"46700","Vallejo-Fairfield, CA","2.6","1.9","42","8","0.09","0.067","4","2","1","42","11.6","51","17","."
"46860","Vernal, UT",".",".","20","5","0.12","0.103",".",".",".","21","5.7",".",".","."
"47020","Victoria, TX",".",".",".",".","0.07","0.063",".",".",".",".",".",".",".","."
"47180","Vincennes, IN",".",".",".",".","0.07","0.066",".",".",".",".",".",".",".","."
"47220","Vineland-Bridgeton, NJ",".",".","33","6","0.07","0.063",".",".",".",".",".",".",".","."
"47240","Vineyard Haven, MA",".",".",".",".","0.11","0.076",".",".",".",".",".",".",".","."
"47260","Virginia Beach-Norfolk-Newport News, VA-NC","1.7","0.9","40","7","0.08","0.064","3","2","0","13","6.9","20","12","."
"47300","Visalia-Porterville, CA",".",".","56","11","0.11","0.089",".",".",".","75","16.3","140","46","."
"47340","Wabash, IN",".",".",".",".","0.07","0.065",".",".",".",".",".",".",".","."
"47380","Waco, TX",".","0.4",".",".",".",".",".",".",".",".",".",".",".","."
"47500","Walterboro, SC",".",".",".",".","0.06","0.056",".",".",".",".",".",".",".","."
"47580","Warner Robins, GA",".",".",".",".",".",".",".",".",".","16","8.3",".",".","."
"47620","Warren, PA",".",".",".",".",".",".","43","9","1",".",".",".",".","."
"47780","Washington, IN",".",".",".",".",".",".","16","10","3",".",".",".",".","."
"47820","Washington, NC",".",".",".",".",".",".","19","2","0",".",".",".",".","."
"47900","Washington-Arlington-Alexandria, DC-VA-MD-WV","2.7","2.3","58","15","0.09","0.072","4","3","1","21","10.2","44","16","0"
"47920","Washington Court House, OH",".",".",".",".","0.07","0.066",".",".",".",".",".",".",".","."
"47940","Waterloo-Cedar Falls, IA",".",".",".",".","0.07","0.059",".",".",".","19","7.5",".",".","."
"47980","Watertown, SD",".",".",".",".",".",".",".",".",".","17","7.5","82","22","."
"48020","Watertown-Fort Atkinson, WI",".",".",".",".","0.07","0.065",".",".",".",".",".",".",".","."
"48060","Watertown-Fort Drum, NY",".",".",".",".","0.09","0.066",".",".",".",".",".",".",".","."
"48140","Wausau, WI",".",".",".",".","0.07","0.06",".",".",".",".",".",".",".","."
"48260","Weirton-Steubenville, WV-OH",".",".",".",".","0.07","0.062","34","14","3","22","9.2","39","18","."
"48300","Wenatchee, WA",".",".",".",".",".",".","1","1","0",".",".",".",".","."
"48540","Wheeling, WV-OH","0.7","0.5","28","7","0.08","0.065","7","3","2","21","9.3","43","18","."
"48580","Whitewater-Elkhorn, WI",".",".",".",".","0.08","0.065",".",".",".",".",".",".",".","."
"48620","Wichita, KS",".",".",".","7","0.08","0.065","5","5","1","18","7.7","129","35","."
"48700","Williamsport, PA",".",".",".",".","0.07","0.062",".",".",".",".",".","27","11","."
"48780","Williston, ND",".",".",".",".","0.07","0.061","67","17","1","18","5","82","16","."
"48900","Wilmington, NC",".",".",".",".","0.07","0.057","2","1","0","14","6.2",".",".","."
"48940","Wilmington, OH",".",".",".",".","0.08","0.07",".",".",".",".",".",".",".","."
"49020","Winchester, VA-WV",".",".",".",".","0.07","0.061",".",".",".","17","7.6","20","11","."
"49180","Winston-Salem, NC",".",".","38","7","0.08","0.066","4","1","0","18","8.2","23","11","."
"49340","Worcester, MA-CT","1.1","0.8","49","11","0.1","0.075","4","2","1","15","5.9",".",".","."
"49420","Yakima, WA",".",".",".",".",".",".",".",".",".","55","13.5",".",".","."
"49620","York-Hanover, PA","1","0.7","42","8","0.07","0.065","10","2","1","22","9",".",".","."
"49660","Youngstown-Warren-Boardman, OH-PA",".",".",".",".","0.08","0.068","4","2","0","23","11.8","32","17","."
"49700","Yuba City, CA","0.6","0.5","42","7","0.08","0.067",".",".",".","32","9.3","99","21","."
"49740","Yuma, AZ",".",".",".",".","0.09","0.074",".",".",".","20","8.5","302","42","."
