"CBSA Code","CBSA","CO 2nd Max 1-hr","CO 2nd Max 8-hr","NO2 98th Percentile 1-hr","NO2 Mean 1-hr","Ozone 2nd Max 1-hr","Ozone 4th Max 8-hr","SO2 99th Percentile 1-hr","SO2 2nd Max 24-hr","SO2 Mean 1-hr","PM2.5 98th Percentile 24-hr","PM2.5 Weighted Mean 24-hr","PM10 2nd Max 24-hr","PM10 Mean 24-hr","Lead Max 3-Mo Avg"
"10100","Aberdeen, SD",".",".",".",".",".",".",".",".",".","14","6","65","20","."
"10300","Adrian, MI",".",".",".",".","0.08","0.069",".",".",".","15","7.5",".",".","."
"10420","Akron, OH","1.4","1.1",".",".","0.09","0.061","10","3","0","22","10.2",".",".","."
"10500","Albany, GA",".",".",".",".",".",".",".",".",".","28","8.7",".",".","."
"10580","Albany-Schenectady-Troy, NY","1.4","0.8",".",".","0.09","0.068","4","2","0","18","6.3",".",".","."
"10740","Albuquerque, NM","2.2","1.9","44","10","0.08","0.067","6","2","1","19","7.6","205","35","0"
"10900","Allentown-Bethlehem-Easton, PA-NJ",".",".","48","11","0.09","0.075","19","5","1","25","10.5","31","12","0.11"
"11020","Altoona, PA",".",".",".",".","0.08","0.062","13","6","0","22","8.2",".",".","."
"11100","Amarillo, TX",".",".",".",".","0.07","0.064","17","2","0",".",".",".",".","0"
"11140","Americus, GA",".",".",".",".","0.07","0.065",".",".",".",".",".",".",".","."
"11180","Ames, IA",".",".",".",".","0.07","0.06",".",".",".",".",".",".",".","."
"11260","Anchorage, AK","4","3",".",".","0.05","0.044",".",".",".","29","6.5","115","28","."
"11460","Ann Arbor, MI",".",".",".",".","0.08","0.074",".",".",".","18","8.1",".",".","."
"11540","Appleton, WI",".",".",".",".","0.08","0.066",".",".",".","21","6.7",".",".","."
"11620","Ardmore, OK",".",".",".",".","0.09","0.069",".",".",".",".",".",".",".","."
"11640","Arecibo, PR",".",".",".",".",".",".",".",".",".",".",".",".",".","0.07"
"11660","Arkadelphia, AR",".",".",".",".","0.07","0.055",".",".",".",".",".",".",".","."
"11700","Asheville, NC",".",".",".",".","0.09","0.067",".",".",".","40","8.5",".",".","."
"11780","Ashtabula, OH",".",".",".",".","0.08","0.072","7","3","0",".",".",".",".","."
"11900","Athens, OH",".",".",".",".",".",".",".",".",".","11","6.2",".",".","."
"11940","Athens, TN",".",".",".",".",".",".",".",".",".","28","8.9",".",".","."
"12020","Athens-Clarke County, GA",".",".",".",".","0.08","0.069",".",".",".","15","8.3",".",".","."
"12060","Atlanta-Sandy Springs-Roswell, GA","2.7","2.2","54","20","0.1","0.078","6","3","1","24","10.8","43","17","."
"12100","Atlantic City-Hammonton, NJ",".",".",".",".","0.08","0.063","5","1","0","15","7.2",".",".","."
"12260","Augusta-Richmond County, GA-SC",".",".",".",".","0.08","0.065","58","10","2","30","9.6","35","15","."
"12300","Augusta-Waterville, ME",".",".",".",".","0.07","0.059",".",".",".","19","5.6","28","11","."
"12420","Austin-Round Rock, TX",".","0.6","47","14","0.08","0.064","4","1","0",".",".","72","23","."
"12540","Bakersfield, CA","1.8","0.9","50","12","0.11","0.088",".",".",".","55","16","98","47","."
"12580","Baltimore-Columbia-Towson, MD","2","1.5","55","17","0.1","0.079","13","3","1","22","9.7","32","16","."
"12620","Bangor, ME",".",".",".",".","0.07","0.057",".",".",".","14","6","45","13","."
"12660","Baraboo, WI",".",".",".",".","0.07","0.066",".",".",".","27","6.9","26","9","."
"12700","Barnstable Town, MA",".",".",".",".","0.08","0.065",".",".",".",".",".",".",".","."
"12780","Bartlesville, OK",".",".",".",".","0.08","0.063",".",".",".",".",".",".",".","."
"12940","Baton Rouge, LA","2.1","1.1","45","11","0.09","0.071","22","6","2","26","11.4","69","25","0"
"13020","Bay City, MI",".",".",".",".",".",".",".",".",".","20","6.8",".",".","."
"13140","Beaumont-Port Arthur, TX","0.6","0.4","31","5","0.09","0.069","73","13","1",".",".",".",".","."
"13180","Beaver Dam, WI","0.7","0.4",".",".","0.07","0.068","2","1","0","19","7.2","23","10","."
"13340","Bellefontaine, OH",".",".",".",".",".",".",".",".",".",".",".",".",".","0"
"13380","Bellingham, WA",".",".",".",".","0.06","0.045",".",".",".",".",".",".",".","."
"13420","Bemidji, MN",".",".",".",".",".",".",".",".",".","15","4.9",".",".","."
"13540","Bennington, VT",".",".",".",".","0.08","0.067",".",".",".","12","5",".",".","."
"13620","Berlin, NH-VT",".",".",".",".","0.07","0.066",".",".",".",".",".",".",".","."
"13740","Billings, MT",".",".",".",".",".",".","18","5","1",".",".",".",".","."
"13820","Birmingham-Hoover, AL","2.6","1.5","53","14","0.09","0.073","11","3","2","22","10.8","66","24","."
"13860","Bishop, CA","0.2","0.2",".",".","0.09","0.072",".",".","0","25","6.6","326","23","."
"13900","Bismarck, ND",".","0.4","15","5","0.06","0.054","11","3","1","18","4.8","49","12","."
"13980","Blacksburg-Christiansburg-Radford, VA",".",".",".",".","0.07","0.062",".",".",".",".",".",".",".","."
"14010","Bloomington, IL",".",".",".",".","0.07","0.065",".",".",".",".",".",".",".","."
"14020","Bloomington, IN",".",".",".",".","0.08","0.069",".",".",".","20","7.8",".",".","."
"14260","Boise City, ID","6","2.5","41","10","0.09","0.072","4","2","1","21","8.4","72","21","0"
"14460","Boston-Cambridge-Newton, MA-NH","2.4","1.2","49","15","0.09","0.07","13","5","1","17","7.7","30","14","0"
"14500","Boulder, CO",".",".",".",".",".",".",".",".",".","26","6.9","44","22","."
"14540","Bowling Green, KY",".","0.3",".",".","0.08","0.065",".",".",".","17","8.3",".",".","."
"14580","Bozeman, MT","9.4","4",".","2",".",".",".",".",".","43","5",".",".","."
"14660","Brainerd, MN",".",".",".",".","0.07","0.06",".",".",".","15","5.9",".",".","."
"14700","Branson, MO",".",".",".",".","0.06","0.056",".",".",".",".",".",".",".","."
"14740","Bremerton-Silverdale, WA",".",".",".",".",".",".",".",".",".","10","4.2",".",".","."
"14860","Bridgeport-Stamford-Norwalk, CT","2.5","1.5",".",".","0.12","0.087","3","2","0","23","9.4","30","14","."
"15100","Brookings, SD",".",".",".",".","0.07","0.061",".",".",".","12","4.5","53","15","."
"15180","Brownsville-Harlingen, TX","1.2","0.7",".",".","0.07","0.055",".",".",".","26","9.6",".",".","0"
"15260","Brunswick, GA",".",".",".",".","0.07","0.057",".",".",".","34","7.9",".",".","."
"15380","Buffalo-Cheektowaga-Niagara Falls, NY","1.4","0.9","48","11","0.08","0.074","18","8","1","15","6.8",".",".","."
"15540","Burlington-South Burlington, VT","0.9","0.7",".","6","0.07","0.06","2","1","0","13","5.5",".",".","."
"15580","Butte-Silver Bow, MT",".",".",".",".",".",".",".",".",".","28","7.6","51","17","."
"15620","Cadillac, MI",".",".","9","2","0.08","0.074",".",".",".","12","4.9",".",".","."
"15700","Cambridge, MD","0.5","0.4",".",".","0.09","0.068","4","1","1","16","7.9",".",".","."
"15940","Canton-Massillon, OH","1.8","1.4",".",".","0.08","0.072",".",".",".","20","9.5",".",".","."
"15980","Cape Coral-Fort Myers, FL",".",".",".",".","0.07","0.06",".",".",".","12","6","35","14","."
"16100","Carlsbad-Artesia, NM",".",".","16","2","0.07","0.063",".",".",".",".",".",".",".","."
"16180","Carson City, NV",".",".",".",".","0.07","0.066",".",".",".","13","4.5",".",".","."
"16220","Casper, WY",".",".","39","5","0.07","0.061","21","7","1","10","4.3","39","14","."
"16300","Cedar Rapids, IA","1.3","0.9",".",".","0.07","0.064","54","17","1","19","7.8","48","20","."
"16540","Chambersburg-Waynesboro, PA",".",".",".",".","0.07","0.059",".",".",".",".",".",".",".","0.01"
"16580","Champaign-Urbana, IL","0.3","0.3",".",".","0.07","0.066","4","1","0","17","7.6",".",".","."
"16620","Charleston, WV","1.5","0.8",".",".","0.08","0.069","7","3",".","16","8",".",".","."
"16700","Charleston-North Charleston, SC",".",".",".",".","0.06","0.058","10","4","0",".",".","66","16","."
"16740","Charlotte-Concord-Gastonia, NC-SC","1.4","1","40","11","0.09","0.074","4","1","0","21","9.1","44","18","."
"16820","Charlottesville, VA",".",".",".",".","0.08","0.062",".",".",".","15","6.5",".",".","."
"16860","Chattanooga, TN-GA",".",".",".",".","0.08","0.069",".",".",".","17","9.2",".",".","."
"16940","Cheyenne, WY","0.3","0.2","33","4","0.07","0.061","3","1","0","13","4.5","26","12","."
"16980","Chicago-Naperville-Elgin, IL-IN-WI","2.3","1.1","61","17","0.1","0.08","31","11","2","21","9.9","131","27","0.05"
"17020","Chico, CA","1.7","1.3","29","6","0.09","0.077",".",".",".","21","7.7","56","20","."
"17140","Cincinnati, OH-KY-IN","1.7","1.3","56","21","0.09","0.076","43","7","2","26","11.6","85","36","."
"17200","Claremont-Lebanon, NH-VT",".",".",".",".","0.07","0.055",".",".",".","14","5.1",".",".","."
"17220","Clarksburg, WV",".",".",".",".",".",".",".",".",".","17","7.5",".",".","."
"17300","Clarksville, TN-KY",".",".",".",".","0.07","0.063",".",".",".","17","8.3",".",".","."
"17340","Clearlake, CA",".",".",".",".","0.07","0.057",".",".",".","9","3","20","8","."
"17380","Cleveland, MS",".",".",".",".","0.07","0.064",".",".",".",".",".",".",".","."
"17460","Cleveland-Elyria, OH","5.8","3.9","50","11","0.09","0.077","370","145","2","22","10.7","86","37","0.03"
"17540","Clinton, IA",".",".",".",".","0.07","0.063","31","20","1","19","8.3",".",".","."
"17820","Colorado Springs, CO","2.6","1.3",".",".","0.08","0.069","45","14","3",".",".","35","19","."
"17860","Columbia, MO",".",".",".",".","0.09","0.065",".",".",".",".",".",".",".","."
"17900","Columbia, SC","1.1","0.9",".",".","0.08","0.07","3","1","0","20","8.1","72","15","0"
"17980","Columbus, GA-AL",".",".",".",".","0.08","0.066",".",".",".","34","9.6",".",".","0.36"
"18020","Columbus, IN",".",".",".","4","0.08","0.071","5","2","1","18","8.2",".",".","."
"18140","Columbus, OH","2.5","1.8","42","12","0.09","0.072","4","2","0","18","8.7","52","20","0.01"
"18180","Concord, NH",".",".",".",".","0.07","0.062","16","5","1",".",".",".",".","."
"18260","Cookeville, TN",".",".",".",".",".",".",".",".",".","18","7.6",".",".","."
"18500","Corning, NY","0.2","0.3",".",".","0.09","0.062","5","2","0","11","5",".",".","."
"18580","Corpus Christi, TX",".",".",".",".","0.07","0.062","3","2","1","27","9.1","45","20","."
"18620","Corsicana, TX",".",".","22","2","0.07","0.06","20","4","1",".",".",".",".","."
"18780","Craig, CO",".",".",".",".","0.07","0.059",".",".",".",".",".",".",".","."
"18880","Crestview-Fort Walton Beach-Destin, FL",".",".",".",".","0.07","0.06",".",".",".",".",".","35","14","."
"19000","Cullowhee, NC",".",".",".",".","0.09","0.069",".",".",".","44","9.1",".",".","."
"19100","Dallas-Fort Worth-Arlington, TX","1.6","1.1","45","12","0.09","0.076","8","2","0","19","8.5","45","16","0.01"
"19140","Dalton, GA",".",".",".",".","0.07","0.067",".",".",".",".",".",".",".","."
"19300","Daphne-Fairhope-Foley, AL",".",".",".",".","0.07","0.062",".",".",".","14","7.2",".",".","."
"19340","Davenport-Moline-Rock Island, IA-IL","0.8","0.5","30","6","0.08","0.066","4","1","0","22","8.3","121","40","."
"19380","Dayton, OH","1.2","0.9",".",".","0.08","0.072","16","3","0","23","9.1","39","19","0"
"19460","Decatur, AL",".",".",".",".","0.08","0.067",".",".",".","13","7.4",".",".","."
"19500","Decatur, IL",".",".",".",".","0.07","0.066","54","25","3","15","7.8",".",".","0.04"
"19660","Deltona-Daytona Beach-Ormond Beach, FL",".",".",".",".","0.07","0.06",".",".",".","11","5.6","39","14","."
"19700","Deming, NM",".",".",".",".",".",".",".",".",".",".",".","266","24","."
"19740","Denver-Aurora-Lakewood, CO","3.2","2.1","77","29","0.1","0.083","20","6","1","26","9.5","89","35","."
"19780","Des Moines-West Des Moines, IA","1.4","0.8","33","8","0.07","0.061","1","1","0","18","7.2","37","19","."
"19820","Detroit-Warren-Dearborn, MI","2.5","1.5","50","16","0.09","0.075","59","17","3","26","11.3","181","28","0.07"
"19860","Dickinson, ND",".",".",".",".","0.06","0.056","4","2","1","9","2.9",".",".","."
"19980","Dodge City, KS",".",".",".",".",".",".",".",".",".",".",".","70","20","."
"20020","Dothan, AL",".",".",".",".","0.07","0.059",".",".",".","13","7.1",".",".","."
"20100","Dover, DE",".",".",".",".","0.08","0.068",".",".",".",".",".",".",".","."
"20180","DuBois, PA",".",".",".",".","0.08","0.066",".",".",".",".",".",".",".","."
"20260","Duluth, MN-WI",".",".",".",".","0.07","0.059",".",".",".","16","5.1","62","21","0"
"20420","Durango, CO","4.7","1.2","23","5","0.08","0.072",".",".",".",".",".",".",".","."
"20500","Durham-Chapel Hill, NC",".",".",".",".","0.07","0.063","4","1","0","20","9.4","29","7","."
"20700","East Stroudsburg, PA",".",".",".",".","0.08","0.07",".",".",".","17","6.3",".",".","."
"20740","Eau Claire, WI",".",".",".",".","0.07","0.064",".",".",".","16","6.1",".",".","."
"20820","Effingham, IL",".",".",".",".","0.07","0.066",".",".",".",".",".",".",".","."
"20940","El Centro, CA","4.7","3.1","60","11","0.1","0.074","7","3","1","34","12.5","465","59","."
"20980","El Dorado, AR",".",".",".",".",".",".","26","5","1","18","9",".",".","."
"21060","Elizabethtown-Fort Knox, KY",".",".",".",".","0.08","0.068",".",".",".","17","8.3",".",".","."
"21140","Elkhart-Goshen, IN",".",".",".",".","0.08","0.072",".",".",".","23","9.2",".",".","."
"21340","El Paso, TX","4.1","2.4","60","15","0.11","0.071","8","2","1","25","9.6","58","27","0.01"
"21500","Erie, PA","1.1","0.6",".","5","0.08","0.067",".",".",".","17","7.7","29","10","."
"21580","Espa¤ola, NM",".",".",".",".","0.07","0.063",".",".",".",".",".",".",".","."
"21660","Eugene, OR",".",".",".",".","0.07","0.057",".",".",".","38","6.7","41","15","."
"21700","Eureka-Arcata-Fortuna, CA","1.2","0.9","20","3","0.05","0.049","1","1","0","16","6.1","42","15","."
"21740","Evanston, WY",".",".","12","2","0.07","0.06",".",".",".",".",".","41","9","."
"21780","Evansville, IN-KY","1.4","0.9",".","8","0.09","0.072","71","12","2","19","9.1","30","15","."
"21820","Fairbanks, AK","3.2","2",".","13","0.05","0.036","35","22","6","67","13.7","69","20","."
"21980","Fallon, NV",".",".",".",".","0.08","0.069",".",".",".",".",".",".",".","."
"22020","Fargo, ND-MN",".","0.3","27","4","0.06","0.054","2","1","0","19","5.1","63","14","."
"22140","Farmington, NM",".",".","35","10","0.08","0.067","7","3","0",".",".",".",".","."
"22180","Fayetteville, NC",".",".",".",".","0.07","0.064",".",".",".","20","8.5","30","11","."
"22220","Fayetteville-Springdale-Rogers, AR-MO",".",".",".",".","0.07","0.058",".",".",".","18","8.1",".",".","."
"22280","Fernley, NV",".",".",".",".","0.08","0.069",".",".",".",".",".",".",".","."
"22380","Flagstaff, AZ",".",".",".",".","0.07","0.064",".",".",".",".",".",".",".","."
"22420","Flint, MI",".",".",".",".","0.08","0.073",".",".",".","19","7.2",".",".","."
"22500","Florence, SC",".",".",".",".","0.07","0.063",".",".",".","19","8.2",".",".","."
"22520","Florence-Muscle Shoals, AL",".",".",".",".","0.07","0.061",".",".",".","16","7.5",".",".","."
"22540","Fond du Lac, WI",".",".",".",".","0.08","0.066",".",".",".",".",".",".",".","."
"22660","Fort Collins, CO","2.1","1.3",".",".","0.09","0.076",".",".",".","18","6.8","50","22","."
"22800","Fort Madison-Keokuk, IA-IL-MO",".",".",".",".",".",".",".",".",".","18","8.4",".",".","."
"22840","Fort Payne, AL",".",".",".",".","0.07","0.064",".",".",".","13","7.7",".",".","."
"22900","Fort Smith, AR-OK",".",".","27","5","0.07","0.058",".",".",".","19","8.3",".",".","."
"23060","Fort Wayne, IN",".",".","20","4","0.08","0.069",".",".",".","20","8.8",".",".","."
"23340","Fremont, NE",".",".",".",".",".",".",".",".",".",".",".",".",".","0.06"
"23420","Fresno, CA","2","1.7","48","21","0.12","0.093","6","2","0","48","13.6","90","38","0.01"
"23460","Gadsden, AL",".",".",".",".","0.07","0.064",".",".",".","14","8.2",".",".","."
"23500","Gaffney, SC",".",".",".",".","0.07",".",".",".",".",".",".",".",".","."
"23540","Gainesville, FL",".",".",".",".","0.07","0.06",".",".",".","15","6",".",".","."
"23580","Gainesville, GA",".",".",".",".",".",".",".",".",".","23","8.5",".",".","."
"23820","Gardnerville Ranchos, NV",".",".",".",".",".",".",".",".",".","19","6.9",".",".","."
"23900","Gettysburg, PA","0.5","0.4","14","1","0.08","0.073","7","2","0",".",".",".",".","."
"23940","Gillette, WY",".",".","29","4","0.07","0.06","14","3","0","14","4.3","154","29","."
"24060","Glenwood Springs, CO",".",".",".","4","0.07","0.067",".",".",".",".",".","38","16","."
"24260","Grand Island, NE",".",".",".",".",".",".",".",".",".","12","5.4",".",".","."
"24300","Grand Junction, CO","1.8","1",".",".","0.07","0.064",".",".",".","21","6.4","35","15","."
"24340","Grand Rapids-Wyoming, MI","1.4","0.9",".",".","0.09","0.075","20","6","0","23","8.8","56","16","0"
"24420","Grants Pass, OR",".",".",".",".",".",".",".",".",".","15","5.8",".",".","."
"24540","Greeley, CO","1.2","0.9",".",".","0.09","0.067",".",".",".","33","7.3","51","22","."
"24580","Green Bay, WI",".",".",".",".","0.09","0.072","13","4","1","19","6.9",".",".","."
"24640","Greenfield Town, MA",".",".",".",".","0.08","0.068",".",".",".","17","5.9",".",".","."
"24660","Greensboro-High Point, NC",".",".",".",".","0.08","0.068",".",".",".","18","8.4","35","11","."
"24780","Greenville, NC",".",".",".",".","0.07","0.065",".",".",".","15","6.9",".",".","."
"24860","Greenville-Anderson-Mauldin, SC",".",".",".","8","0.08","0.067","2","1","0","31","9.6","116","15","."
"24940","Greenwood, SC",".",".",".",".","0.07","0.062",".",".",".",".",".",".",".","."
"25060","Gulfport-Biloxi-Pascagoula, MS",".",".",".","4","0.07","0.063","6","1","0","16","8.1",".",".","."
"25180","Hagerstown-Martinsburg, MD-WV",".",".",".",".","0.09","0.07",".",".",".","22","8.6",".",".","."
"25220","Hammond, LA",".",".",".",".",".",".",".",".",".","16","6.6",".",".","."
"25260","Hanford-Corcoran, CA",".",".","41","9","0.1","0.083",".",".",".","46","15.5","151","51","."
"25420","Harrisburg-Carlisle, PA",".",".",".",".","0.08","0.07",".",".",".","25","8.9","41","15","."
"25460","Harrison, AR",".",".",".",".","0.07","0.056",".",".",".",".",".",".",".","."
"25500","Harrisonburg, VA",".",".","35","8","0.08","0.062","2","1","0","18","7.4",".",".","."
"25540","Hartford-West Hartford-East Hartford, CT","2.2","1.5","54","16","0.11","0.08","2","2","0","20","7.5","46","16","."
"25620","Hattiesburg, MS",".",".",".",".",".",".",".",".",".","16","9.1",".",".","."
"25740","Helena, MT","0.8","0.5",".",".","0.06","0.055",".",".",".","33","7.3",".",".","."
"25840","Hermiston-Pendleton, OR",".",".",".",".","0.07","0.063",".",".",".",".",".",".",".","."
"25860","Hickory-Lenoir-Morganton, NC",".",".",".",".","0.08","0.066",".",".",".","22","9.1",".",".","."
"25900","Hilo, HI",".",".",".",".",".",".","1397","350","35","31","14.6",".",".","."
"26020","Hobbs, NM",".",".","33","4","0.07","0.065",".",".",".","12","5.9",".",".","."
"26090","Holland, MI",".",".",".",".","0.09","0.076",".",".",".","17","7",".",".","."
"26140","Homosassa Springs, FL",".",".",".",".",".",".","47","8","1","12","5.7",".",".","."
"26300","Hot Springs, AR",".",".",".",".",".",".",".",".",".","20","9.9",".",".","."
"26380","Houma-Thibodaux, LA",".",".",".",".","0.08","0.065",".",".",".","14","6.9",".",".","."
"26420","Houston-The Woodlands-Sugar Land, TX","2.2","1.6","54","14","0.11","0.079","23","4","1","23","9.7","81","30","0"
"26540","Huntington, IN",".",".",".",".","0.08","0.066",".",".",".",".",".",".",".","."
"26580","Huntington-Ashland, WV-KY-OH",".",".","29","5","0.08","0.07","8","3","1","24","9.6","50","23","0.01"
"26620","Huntsville, AL",".",".",".",".","0.07","0.066",".",".",".","13","7.8","68","20","."
"26820","Idaho Falls, ID",".",".",".",".","0.07","0.058",".",".",".",".",".",".",".","."
"26860","Indiana, PA",".",".",".",".","0.08","0.071","39","8","1",".",".",".",".","0.01"
"26900","Indianapolis-Carmel-Anderson, IN","5.7","2.5",".","13","0.08","0.073","23","8","2","23","10.4","85","27","0.01"
"26960","Ionia, MI",".",".",".",".",".",".",".",".",".",".",".",".",".","0.02"
"26980","Iowa City, IA",".",".",".",".",".",".",".",".",".","17","7.4","38","17","."
"27060","Ithaca, NY",".",".",".",".","0.08","0.066",".",".",".",".",".",".",".","."
"27140","Jackson, MS","1.8","1.2",".","6","0.08","0.063","13","2","0","17","8.4","39","17","."
"27220","Jackson, WY-ID","0.6","0.4",".",".","0.07","0.06",".",".",".",".",".","39","13","."
"27260","Jacksonville, FL","2.7","1.9",".",".","0.08","0.064","18","4","0","17","7.9",".",".","."
"27420","Jamestown, ND",".",".",".",".",".",".","30","3","0",".",".","91","13","."
"27460","Jamestown-Dunkirk-Fredonia, NY",".",".",".",".","0.08","0.069","5","3","0","13","5.8",".",".","."
"27500","Janesville-Beloit, WI",".",".",".",".","0.09","0.072",".",".",".",".",".",".",".","."
"27540","Jasper, IN",".",".",".",".",".",".","26","7","2","19","8.7","35","15","."
"27620","Jefferson City, MO",".",".",".",".","0.07","0.064",".",".",".",".",".",".",".","."
"27780","Johnstown, PA","1","0.7","36","7","0.07","0.064","21","7","1","23","8.9","47","14","."
"27900","Joplin, MO",".",".",".",".","0.06","0.059",".",".",".",".",".","116","25","."
"27940","Juneau, AK",".",".",".",".",".",".",".",".",".","19","5.8","32","9","."
"27980","Kahului-Wailuku-Lahaina, HI",".",".",".",".",".",".",".",".",".","12","4.5",".",".","."
"28020","Kalamazoo-Portage, MI",".",".",".",".","0.08","0.074",".",".",".","20","8.2",".",".","."
"28060","Kalispell, MT",".",".",".",".","0.06","0.05",".",".",".","17","5.5","98","23","."
"28140","Kansas City, MO-KS","1.5","1","46","13","0.09","0.069","10","4","2","20","9","84","27","."
"28180","Kapaa, HI",".",".",".",".",".",".",".",".",".","9","3.5",".",".","."
"28300","Keene, NH",".",".",".",".","0.08","0.066",".",".",".","20","6.7",".",".","."
"28420","Kennewick-Richland, WA",".",".",".",".","0.08","0.068",".",".",".",".",".","71","15","."
"28660","Killeen-Temple, TX",".",".",".",".","0.08","0.066",".",".",".",".",".",".",".","."
"28700","Kingsport-Bristol-Bristol, TN-VA","1.3","0.9",".",".","0.08","0.068",".",".",".","25","8",".",".","0"
"28820","Kinston, NC",".",".",".",".","0.07","0.063",".",".",".",".",".",".",".","."
"28900","Klamath Falls, OR",".",".",".",".",".",".",".",".",".","23","6.8",".",".","."
"28940","Knoxville, TN","2.2","1.2","5","1","0.08","0.073","5","3","1","64","11.5",".",".","0.13"
"29020","Kokomo, IN",".",".",".",".",".",".",".",".",".","20","9.4",".",".","."
"29060","Laconia, NH",".",".",".",".","0.07","0.06",".",".",".","9","4.3",".",".","."
"29100","La Crosse-Onalaska, WI-MN",".",".",".",".","0.07","0.063",".",".",".","16","6.2",".",".","."
"29180","Lafayette, LA",".",".",".",".","0.07","0.066",".",".",".",".",".","41","16","."
"29200","Lafayette-West Lafayette, IN",".",".",".",".","0.07","0.066",".",".",".","18","7.7",".",".","."
"29340","Lake Charles, LA",".",".","40","6","0.08","0.065","34","9","1","18","7.6",".",".","."
"29380","Lake City, FL",".",".",".",".","0.07","0.061",".",".",".",".",".",".",".","."
"29420","Lake Havasu City-Kingman, AZ",".",".",".",".",".",".",".",".",".",".",".","110","22","."
"29460","Lakeland-Winter Haven, FL",".",".",".",".","0.08","0.064","21","4","0","14","6","32","14","."
"29540","Lancaster, PA",".",".",".",".","0.09","0.071",".",".",".","27","11","44","14","0.07"
"29620","Lansing-East Lansing, MI",".",".",".","7","0.08","0.073","10","4","1","18","7.3",".",".","."
"29660","Laramie, WY",".",".",".",".","0.07","0.064",".",".",".","11","4.1","114","29","."
"29700","Laredo, TX","2.6","1.6",".",".","0.06","0.05",".",".",".",".",".","54","20","0.01"
"29740","Las Cruces, NM",".",".","46","7","0.09","0.07",".",".",".","28","9.7","268","43","."
"29820","Las Vegas-Henderson-Paradise, NV","2.9","2.2","58","25","0.1","0.079","6","3","1","23","10.7","143","28","."
"29980","Lawrenceburg, TN",".",".",".",".",".",".",".",".",".","13","6.7",".",".","."
"30020","Lawton, OK",".",".",".",".","0.07","0.062",".",".",".","15","6.8",".",".","."
"30140","Lebanon, PA",".",".",".",".","0.08","0.072",".",".",".",".",".",".",".","."
"30340","Lewiston-Auburn, ME",".",".",".",".","0.07","0.057",".",".",".","17","6",".",".","."
"30460","Lexington-Fayette, KY",".",".","43","7","0.08","0.066","5","2","1","17","8.2",".",".","."
"30620","Lima, OH",".",".",".",".","0.08","0.068","4","2","0","20","7.8",".",".","."
"30700","Lincoln, NE",".",".",".",".","0.07","0.058",".",".",".","19","7.4",".",".","."
"30780","Little Rock-North Little Rock-Conway, AR","1.1","0.8","41","8","0.08","0.065","7","2","1","21","10.7","44","20","0"
"30860","Logan, UT-ID",".",".",".",".","0.07","0.062",".",".",".",".",".",".",".","."
"30980","Longview, TX",".",".","23","4","0.08","0.065","33","6","1",".",".",".",".","."
"31080","Los Angeles-Long Beach-Anaheim, CA","4.3","3.6","77","24","0.14","0.1","12","4","1","39","14.7","127","34","0.03"
"31140","Louisville/Jefferson County, KY-IN","1.6","1.3","49","15","0.1","0.076","26","5","2","20","9.3","39","17","0.01"
"31220","Ludington, MI",".",".",".",".","0.09","0.074",".",".",".",".",".",".",".","."
"31340","Lynchburg, VA",".",".",".",".",".",".",".",".",".","13","6.8",".",".","0.03"
"31420","Macon, GA",".",".",".",".","0.09","0.07","6","2","1","24","10.3",".",".","."
"31460","Madera, CA","4.6","1.4","27","6","0.1","0.084",".",".",".","36","12","100","30","."
"31540","Madison, WI",".",".",".",".","0.08","0.07","1","0","0","19","8.1","34","14","."
"31660","Malone, NY",".",".","24","4","0.06","0.05","8","4","1",".",".",".",".","."
"31700","Manchester-Nashua, NH","0.3","0.3",".",".","0.08","0.069","2","1","0","10","4.2",".",".","."
"31820","Manitowoc, WI",".",".",".",".","0.1","0.074",".",".",".",".",".",".",".","."
"31930","Marietta, OH",".",".",".",".","0.07","0.064",".",".",".",".",".",".",".","0"
"32020","Marion, OH",".",".",".",".",".",".",".",".",".",".",".",".",".","0.02"
"32140","Marshall, MN",".",".",".",".","0.06","0.057",".",".",".","14","4.4",".",".","."
"32220","Marshall, TX",".",".","16","2","0.07","0.059",".",".",".","16","8.7","33","16","."
"32380","Mason City, IA",".",".",".",".",".",".",".",".",".",".",".","58","18","."
"32540","McAlester, OK",".",".",".",".","0.08","0.059",".",".",".","17","8",".",".","."
"32580","McAllen-Edinburg-Mission, TX",".",".",".",".","0.07","0.052",".",".",".","30","10.4","63","27","."
"32780","Medford, OR",".",".",".",".","0.06","0.049",".",".",".","21","7.2",".",".","."
"32820","Memphis, TN-MS-AR","1.4","1.2","38","10","0.09","0.071",".",".",".","17","8.4",".",".","."
"32900","Merced, CA",".",".","32","7","0.1","0.082",".",".",".","35","11.9","62","28","."
"32940","Meridian, MS",".",".",".",".","0.06","0.058",".",".",".",".",".",".",".","."
"33060","Miami, OK",".",".",".",".","0.07","0.053",".",".",".",".",".",".",".","0.02"
"33100","Miami-Fort Lauderdale-West Palm Beach, FL","2.4","1.5","43","8","0.08","0.062","1","0","0","16","8.1","197","32","."
"33140","Michigan City-La Porte, IN",".",".",".",".","0.08","0.068",".",".",".","17","7.7",".",".","."
"33180","Middlesborough, KY",".",".",".",".","0.07","0.062",".",".",".","41","10.1",".",".","."
"33340","Milwaukee-Waukesha-West Allis, WI","1","0.8","49","14","0.1","0.079","6","4","1","22","8.3","48","17","."
"33460","Minneapolis-St. Paul-Bloomington, MN-WI","2.3","1.7","43","13","0.07","0.061","13","5","1","22","7.8","127","38","0.11"
"33540","Missoula, MT",".",".",".",".","0.06","0.051",".",".",".","28","8.8","65","16","."
"33660","Mobile, AL",".",".",".",".","0.08","0.063","13","3","1","16","8.1",".",".","."
"33700","Modesto, CA","1.8","1.4","42","9","0.1","0.085",".",".",".","39","12.6","57","29","."
"33740","Monroe, LA",".",".",".",".","0.07","0.06",".",".",".","20","8.5",".",".","."
"33780","Monroe, MI",".",".",".",".",".",".","14","4","1","18","7.7",".",".","."
"33860","Montgomery, AL",".",".",".",".","0.08","0.063",".",".",".","17","8.7",".",".","."
"33940","Montrose, CO",".",".",".",".","0.07","0.062",".",".",".",".",".",".",".","."
"33980","Morehead City, NC",".",".",".",".","0.07","0.06",".",".",".",".",".",".",".","."
"34060","Morgantown, WV",".",".",".",".","0.07","0.059","9","3","1","16","7.4",".",".","."
"34100","Morristown, TN",".",".",".",".","0.08","0.068",".",".",".",".",".",".",".","."
"34500","Mount Vernon, IL",".",".",".",".","0.08","0.068",".",".",".",".",".",".",".","."
"34540","Mount Vernon, OH",".",".",".",".","0.07","0.066",".",".",".",".",".",".",".","."
"34580","Mount Vernon-Anacortes, WA",".",".","21","4","0.07","0.054","4","2","0",".",".",".",".","."
"34620","Muncie, IN",".",".",".",".","0.07","0.067",".",".",".","17","7.7",".",".","0.11"
"34700","Muscatine, IA",".",".",".",".",".",".","45","16","1","21","8.1","40","17","."
"34740","Muskegon, MI",".",".",".",".","0.1","0.076",".",".",".",".",".",".",".","."
"34780","Muskogee, OK",".",".",".",".",".",".","49","11","2",".",".","77","20","."
"34900","Napa, CA","1.9","1.3","33","7","0.08","0.058",".",".",".","22","8.5",".",".","."
"34940","Naples-Immokalee-Marco Island, FL",".",".",".",".","0.07","0.058",".",".",".",".",".",".",".","."
"34980","Nashville-Davidson--Murfreesboro--Franklin, TN","1.7","1.5","54","16","0.09","0.068","2","1","0","18","9.3","34","18","."
"35220","New Castle, IN",".",".",".",".",".",".",".",".",".","15","7.3",".",".","."
"35260","New Castle, PA",".",".",".",".","0.08","0.068","24","5","0",".",".",".",".","0.03"
"35300","New Haven-Milford, CT","2","1.2","53","14","0.11","0.08","4","2","0","20","7.4","35","13","."
"35380","New Orleans-Metairie, LA","1.7","1.4","45","10","0.09","0.067","85","27","4","14","7.5","48","18","0.01"
"35620","New York-Newark-Jersey City, NY-NJ-PA","5.2","2.5","60","20","0.1","0.078","7","4","1","21","10.1","45","17","0.03"
"35660","Niles-Benton Harbor, MI",".",".",".",".","0.09","0.078",".",".",".","17","7.4",".",".","."
"35700","Nogales, AZ",".",".",".",".",".",".",".",".",".","26","9.9","102","38","."
"35840","North Port-Sarasota-Bradenton, FL",".",".","15","2","0.07","0.062","8","3","1","15","6.4","32","16","."
"35980","Norwich-New London, CT",".",".",".",".","0.09","0.075",".",".",".","15","5.9",".",".","."
"36100","Ocala, FL",".",".",".",".","0.07","0.062",".",".",".",".",".",".",".","."
"36260","Ogden-Clearfield, UT","2.2","1.6",".","15","0.1","0.076",".",".",".","39","9.2","62","20","."
"36420","Oklahoma City, OK","1.7","1.1","47","17","0.09","0.068","3","3","0","17","7.6","68","22","."
"36500","Olympia-Tumwater, WA",".",".",".",".","0.07","0.058",".",".",".",".",".",".",".","."
"36540","Omaha-Council Bluffs, NE-IA","1.8","1.5",".",".","0.08","0.063","65","19","1","18","8","134","29","0.07"
"36740","Orlando-Kissimmee-Sanford, FL","1.5","1.2","29","4","0.08","0.066","2","1","0","15","6.2","33","13","."
"36860","Ottawa-Peru, IL",".",".",".",".",".",".","15","5","1",".",".",".",".","."
"36980","Owensboro, KY",".",".","29","4","0.08","0.068","25","7","1","18","8.6",".",".","."
"37080","Oxford, NC",".",".",".",".","0.07","0.065",".",".",".",".",".",".",".","."
"37100","Oxnard-Thousand Oaks-Ventura, CA",".",".","35","8","0.09","0.077",".",".",".","19","9.6","71","25","."
"37140","Paducah, KY-IL",".",".","31","5","0.08","0.068","16","3","0",".",".","29","15","."
"37220","Pahrump, NV",".",".",".",".",".",".",".",".",".",".",".","90","18","."
"37260","Palatka, FL",".",".",".",".",".",".","12","3","1",".",".","47","16","."
"37340","Palm Bay-Melbourne-Titusville, FL",".",".",".",".","0.07","0.061",".",".",".","10","5.2","38","13","."
"37460","Panama City, FL",".",".",".",".","0.08","0.062",".",".",".",".",".",".",".","."
"37620","Parkersburg-Vienna, WV",".",".",".",".","0.08","0.067","18","6","2","14","7.9",".",".","."
"37740","Payson, AZ",".",".",".",".","0.08","0.07","359","55","10",".",".","113","34","0.31"
"37860","Pensacola-Ferry Pass-Brent, FL",".",".",".",".","0.08","0.063",".",".","1","13","7.1",".",".","."
"37900","Peoria, IL",".",".",".",".","0.08","0.068","27","6","2","14","7.6",".",".","."
"37980","Philadelphia-Camden-Wilmington, PA-NJ-DE-MD","3.5","1.9","58","16","0.1","0.08","19","8","2","24","11","113","39","0.04"
"38060","Phoenix-Mesa-Scottsdale, AZ","3.9","2.4","63","31","0.09","0.075","7","3","1","146","14","357","83","0.05"
"38180","Pierre, SD",".",".",".",".",".",".",".",".",".","11","4.3",".",".","."
"38300","Pittsburgh, PA","4.5","2.6","40","11","0.08","0.073","64","26","4","22","10.6","84","23","0.02"
"38340","Pittsfield, MA",".",".",".",".",".",".",".",".",".","18","6.7",".",".","."
"38540","Pocatello, ID",".",".",".",".",".",".","33","14","3","21","7.1","74","20","."
"38620","Ponca City, OK",".",".",".",".","0.08","0.059","27","9","1","16","7.2",".",".","."
"38660","Ponce, PR",".","1.7",".",".",".",".",".",".",".","17","7.1","78","26","."
"38820","Port Angeles, WA",".","0.2",".",".","0.06","0.051",".",".",".",".",".",".",".","."
"38860","Portland-South Portland, ME","1.6","0.9","40","6","0.09","0.068","9","3","1","15","6.6","62","19","."
"38900","Portland-Vancouver-Hillsboro, OR-WA","1.7","1.3","35","13","0.08","0.064","3","1","0","18","5.9","32","10","0"
"38940","Port St. Lucie, FL",".",".",".",".","0.07","0.063",".",".",".",".",".",".",".","."
"39020","Portsmouth, OH",".",".",".",".",".",".","23","5","1","17","8.4","37","15","."
"39140","Prescott, AZ",".",".",".",".","0.07","0.064",".",".",".",".",".",".",".","."
"39220","Price, UT",".",".",".",".","0.07","0.067",".",".",".",".",".",".",".","."
"39260","Prineville, OR",".",".",".",".",".",".",".",".",".","24","6.9",".",".","."
"39300","Providence-Warwick, RI-MA","3","1.8","56","20","0.09","0.076","7","3","1","20","9.3","39","15","."
"39340","Provo-Orem, UT","2.2","1.3","60","15","0.1","0.072",".",".",".","39","8.3","66","20","."
"39380","Pueblo, CO",".",".",".",".",".",".",".",".",".","10","4.8","64","21","."
"39500","Quincy, IL-MO",".",".",".",".","0.07","0.061",".",".",".",".",".",".",".","."
"39540","Racine, WI",".",".",".",".","0.1","0.076",".",".",".",".",".",".",".","."
"39580","Raleigh, NC","2.3","1.5","39","9","0.08","0.069","3","1","0","21","9.9","24","12","."
"39660","Rapid City, SD",".",".","38","7","0.07","0.06","1","1","0","19","6.2","106","31","."
"39740","Reading, PA",".",".",".",".","0.09","0.075","5","3","0","25","11.4",".",".","0.03"
"39780","Red Bluff, CA",".",".",".",".","0.1","0.087",".",".",".",".",".","49","16","."
"39820","Redding, CA",".",".",".",".","0.09","0.076",".",".",".","13","5.2","37","16","."
"39860","Red Wing, MN",".",".",".",".","0.07","0.061",".",".",".",".",".",".",".","."
"39900","Reno, NV","2.6","1.9","46","13","0.08","0.073","5","2","0","21","7","78","22","."
"39980","Richmond, IN",".",".",".",".",".",".","34","10","2",".",".",".",".","."
"40060","Richmond, VA","1.7","1.2","44","12","0.09","0.066","24","5","0","18","8.5","25","13","."
"40080","Richmond-Berea, KY",".",".",".",".",".",".",".",".",".",".",".",".",".","0.05"
"40140","Riverside-San Bernardino-Ontario, CA","6.5","1.6","74","31","0.16","0.116","6","2","1","36","16.2","449","58","0.06"
"40180","Riverton, WY",".",".","5","1","0.07","0.062",".",".",".","22","7","30","14","."
"40220","Roanoke, VA","1.1","0.7","37","6","0.07","0.064","4","1","0","15","7.6",".",".","0.01"
"40340","Rochester, MN",".",".",".",".","0.07","0.062","2","1","1","20","6.3",".",".","."
"40380","Rochester, NY","1.5","0.7","41","10","0.09","0.067","27","4","1","15","6.3",".",".","."
"40420","Rockford, IL",".",".",".",".","0.08","0.07",".",".",".","15","7.8",".",".","."
"40500","Rockland, ME",".",".",".",".","0.08","0.063",".",".",".",".",".",".",".","."
"40540","Rock Springs, WY",".",".","30","4","0.07","0.064","35","10","3","17","5.2","94","27","."
"40580","Rocky Mount, NC",".",".",".",".","0.07","0.064",".",".",".",".",".",".",".","."
"40660","Rome, GA",".",".",".",".",".",".","49","8","2","18","9.4",".",".","."
"40860","Rutland, VT","1.5","0.7","32","7","0.07","0.063","2","1","0","25","6.8",".",".","."
"40900","Sacramento--Roseville--Arden-Arcade, CA","2.3","1.7","43","13","0.11","0.093","9","9","3","28","8.7","53","19","0"
"41060","St. Cloud, MN",".",".",".",".","0.07","0.058",".",".",".","16","5.6",".",".","."
"41100","St. George, UT",".",".",".",".","0.07","0.064",".",".",".","8","3.9","38","13","."
"41140","St. Joseph, MO-KS",".",".",".",".","0.08","0.062",".",".",".","18","8.1",".",".","."
"41180","St. Louis, MO-IL","2.3","1.5","45","12","0.1","0.076","27","7","2","25","10","82","28","0.14"
"41260","St. Marys, PA",".",".",".",".","0.08","0.067",".",".",".",".",".",".",".","."
"41400","Salem, OH",".",".",".",".",".",".","14","4","1",".",".","28","15","0.02"
"41420","Salem, OR",".",".",".",".","0.08","0.065",".",".",".",".",".",".",".","."
"41460","Salina, KS",".",".",".",".",".",".",".",".",".",".",".",".",".","0.18"
"41500","Salinas, CA","2.7","0.9","24","4","0.08","0.058",".",".",".","57","6.8","70","25","."
"41540","Salisbury, MD-DE",".",".",".",".","0.08","0.07","2","1","0",".",".",".",".","."
"41620","Salt Lake City, UT","3","1.3","48","7","0.1","0.076",".",".",".","43","9.4","67","19","0.05"
"41700","San Antonio-New Braunfels, TX",".","0.7","42","8","0.09","0.071","7","3","1","16","7.9","47","20","."
"41740","San Diego-Carlsbad, CA","1.6","1.5","53","17","0.1","0.084",".",".",".","18","8.7","66","31","0.01"
"41760","Sandpoint, ID",".",".",".",".",".",".",".",".",".",".",".","39","12","."
"41820","Sanford, NC",".",".","7","1","0.07","0.064","2","1","0",".",".",".",".","."
"41860","San Francisco-Oakland-Hayward, CA","2.5","2","51","17","0.11","0.082","13","5","2","19","8.7","29","16","0.03"
"41940","San Jose-Sunnyvale-Santa Clara, CA","2.4","1.6","46","16","0.09","0.072","2","1","0","19","9.1","43","17","0.08"
"41980","San Juan-Carolina-Caguas, PR","19.2","6.2","24","8","0.19","0.064",".",".",".","21","8.2","67","21","."
"42020","San Luis Obispo-Paso Robles-Arroyo Grande, CA",".",".","26","4","0.1","0.074","2","2","0","24","8.2","143","34","."
"42100","Santa Cruz-Watsonville, CA",".",".",".",".","0.06","0.052",".",".",".","13","5.3",".",".","."
"42140","Santa Fe, NM",".",".",".",".","0.07","0.064",".",".",".",".",".",".",".","."
"42200","Santa Maria-Santa Barbara, CA","10.9","5.7","37","8","0.08","0.064","3","2","1","16","7","266","24","."
"42220","Santa Rosa, CA","1.3","1","25","4","0.07","0.055",".",".",".","13","4.6","42","13","."
"42300","Sault Ste. Marie, MI",".",".",".",".","0.08","0.062",".",".",".",".",".",".",".","."
"42340","Savannah, GA",".",".",".",".","0.07","0.058","40","12","2","25","8.3",".",".","."
"42380","Sayre, PA",".",".",".","2","0.07","0.06",".",".",".",".",".",".",".","."
"42540","Scranton--Wilkes-Barre--Hazleton, PA","1.3","0.9","46","10","0.08","0.071","5","3","1","19","8.2","31","13","0.01"
"42660","Seattle-Tacoma-Bellevue, WA","1.9","1.4","49","21","0.08","0.061",".",".",".","59","7.9",".",".","0"
"42680","Sebastian-Vero Beach, FL",".",".",".",".","0.07","0.062",".",".",".",".",".",".",".","."
"42700","Sebring, FL",".",".",".",".","0.08","0.063",".",".",".",".",".",".",".","."
"42860","Seneca, SC",".",".",".",".","0.08","0.067","3","1","0",".",".",".",".","."
"42940","Sevierville, TN",".",".",".",".","0.08","0.07",".",".",".",".",".",".",".","."
"42980","Seymour, IN",".",".",".",".","0.08","0.07",".",".",".",".",".",".",".","."
"43100","Sheboygan, WI",".",".",".",".","0.11","0.085",".",".",".",".",".",".",".","0.05"
"43260","Sheridan, WY",".",".",".",".","0.07","0.059",".",".",".","23","6.4","54","17","."
"43320","Show Low, AZ",".",".",".",".","0.07","0.063",".",".",".",".",".","45","18","."
"43340","Shreveport-Bossier City, LA",".",".",".",".","0.08","0.065",".",".",".","19","10.4",".",".","."
"43420","Sierra Vista-Douglas, AZ",".",".",".",".","0.07","0.064",".",".",".",".",".","51","15","."
"43580","Sioux City, IA-NE-SD",".",".","16","2","0.07","0.06","6","2","0","17","7.3","49","20","."
"43620","Sioux Falls, SD","1.2","0.7","35","4","0.08","0.066","4","1","0","16","6.6","54","18","."
"43700","Somerset, KY",".",".",".",".","0.07","0.063",".",".",".","16","8",".",".","."
"43740","Somerset, PA",".",".",".",".","0.07","0.067",".",".",".",".",".",".",".","."
"43760","Sonora, CA",".",".",".",".","0.1","0.088",".",".",".",".",".",".",".","."
"43780","South Bend-Mishawaka, IN-MI",".",".","34","9","0.08","0.077",".",".",".","21","9.8",".",".","."
"43900","Spartanburg, SC",".",".",".",".","0.09","0.069",".",".",".",".",".",".",".","."
"44060","Spokane-Spokane Valley, WA","2.7","1.8",".",".","0.07","0.056",".",".",".",".",".","93","18","."
"44100","Springfield, IL",".",".",".",".","0.08","0.068",".",".",".","19","7.7",".",".","."
"44140","Springfield, MA","2.2","1.5","38","11","0.09","0.076","3","2","1","17","6.6","33","13","."
"44180","Springfield, MO",".",".",".",".","0.07","0.059","4","2","1","15","7.1","47","14","."
"44220","Springfield, OH",".",".",".",".","0.08","0.071","6","2","0","18","8.4",".",".","."
"44300","State College, PA",".",".","31","5","0.08","0.065","7","3","1",".",".",".",".","."
"44460","Steamboat Springs, CO",".",".",".",".",".",".",".",".",".",".",".","73","18","."
"44700","Stockton-Lodi, CA","1.7","1.2","45","12","0.11","0.08",".",".",".","33","13.6","66","25","."
"44900","Summerville, GA",".",".",".",".","0.07","0.065",".",".",".",".",".",".",".","."
"45060","Syracuse, NY",".",".",".",".","0.08","0.067","3","1","0","13","5.4",".",".","."
"45140","Tahlequah, OK",".",".",".",".","0.07","0.058",".",".",".",".",".",".",".","."
"45180","Talladega-Sylacauga, AL",".",".",".",".",".",".",".",".",".","14","8.6",".",".","."
"45220","Tallahassee, FL","2","0.8",".",".","0.07","0.061",".",".",".","18","7.2",".",".","."
"45300","Tampa-St. Petersburg-Clearwater, FL","1.4","0.9","31","10","0.09","0.07","69","14","1","17","7.7","42","20","0.09"
"45460","Terre Haute, IN",".",".",".",".","0.08","0.069","120","23","2","22","9.4","29","15","."
"45520","The Dalles, OR",".",".",".",".","0.07","0.056",".",".",".",".",".",".",".","."
"45780","Toledo, OH",".",".",".",".","0.08","0.07","21","5","1","20","8.9",".",".","0.12"
"45820","Topeka, KS",".",".",".",".","0.07","0.063",".",".",".","18","7.1","61","18","."
"45860","Torrington, CT","3.4","0.7",".",".","0.09","0.078","2","1","0","15","5.3","30","8","."
"45900","Traverse City, MI",".",".",".",".","0.08","0.072",".",".",".",".",".",".",".","."
"45940","Trenton, NJ",".",".",".",".","0.09","0.074",".",".",".","17","8.6",".",".","."
"45980","Troy, AL",".",".",".",".",".",".",".",".",".",".",".",".",".","0.09"
"46020","Truckee-Grass Valley, CA",".",".",".",".","0.1","0.086",".",".",".","17","6.2",".",".","."
"46060","Tucson, AZ","1.8","1.2","34","8","0.08","0.069","1","0","0","18","5.7","165","45","."
"46140","Tulsa, OK","2.3","1.6","36","7","0.08","0.064","17","6","1","22","9.5","72","19","."
"46180","Tupelo, MS",".",".",".",".","0.07","0.061",".",".",".",".",".",".",".","."
"46220","Tuscaloosa, AL",".",".",".",".","0.08","0.061",".",".",".",".",".",".",".","."
"46340","Tyler, TX",".",".","17","2","0.08","0.063",".",".",".",".",".",".",".","."
"46380","Ukiah, CA",".",".",".",".","0.06","0.048",".",".",".","16","6.4","41","12","."
"46520","Urban Honolulu, HI","1.5","1.2",".","4","0.05","0.048","8","3","1","13","4","39","20","0"
"46540","Utica-Rome, NY",".",".",".",".","0.08","0.071","3","1","0",".",".",".",".","."
"46660","Valdosta, GA",".",".",".",".",".",".",".",".",".","17","7.3",".",".","."
"46700","Vallejo-Fairfield, CA","2.1","1.8","36","7","0.09","0.067","5","2","1","19","8.5","23","11","."
"46860","Vernal, UT",".",".","20","3","0.12","0.096",".",".",".",".",".",".",".","."
"47020","Victoria, TX",".",".",".",".","0.07","0.064",".",".",".",".",".",".",".","."
"47180","Vincennes, IN",".",".",".",".","0.08","0.071",".",".",".",".",".",".",".","."
"47220","Vineland-Bridgeton, NJ",".",".",".",".","0.08","0.069",".",".",".","18","7.8",".",".","."
"47240","Vineyard Haven, MA",".",".",".",".","0.09","0.066",".",".",".",".",".",".",".","."
"47260","Virginia Beach-Norfolk-Newport News, VA-NC","1.2","0.7","39","7","0.08","0.068","9","3","0","15","6.7","23","13","."
"47300","Visalia-Porterville, CA",".",".",".","9","0.11","0.092",".",".",".","41","14.7","120","42","."
"47340","Wabash, IN",".",".",".",".","0.08","0.071",".",".",".",".",".",".",".","."
"47380","Waco, TX","0.4","0.3","27","3","0.07","0.06","4","1","0",".",".",".",".","."
"47500","Walterboro, SC",".",".",".",".","0.07","0.057",".",".",".",".",".",".",".","."
"47580","Warner Robins, GA",".",".",".",".",".",".",".",".",".","19","7.9",".",".","."
"47620","Warren, PA",".",".",".",".",".",".",".","10","1",".",".",".",".","."
"47780","Washington, IN",".",".",".",".",".",".","22","6","2",".",".",".",".","."
"47820","Washington, NC",".",".",".",".",".",".","28","4","0",".",".",".",".","."
"47900","Washington-Arlington-Alexandria, DC-VA-MD-WV","3.7","2.3","59","18","0.09","0.076","8","4","1","21","8.6","41","17","0.01"
"47920","Washington Court House, OH",".",".",".",".","0.07","0.067",".",".",".",".",".",".",".","."
"47940","Waterloo-Cedar Falls, IA",".",".",".",".","0.07","0.063",".",".",".","20","7.5","40","18","."
"47980","Watertown, SD",".",".",".",".",".",".",".",".",".","13","5.1","94","22","."
"48020","Watertown-Fort Atkinson, WI",".",".",".",".","0.08","0.071",".",".",".",".",".",".",".","."
"48060","Watertown-Fort Drum, NY",".",".",".",".","0.08","0.067",".",".",".",".",".",".",".","."
"48140","Wausau, WI",".",".",".",".","0.07","0.068",".",".",".",".",".",".",".","."
"48220","Weatherford, OK",".",".",".",".",".",".",".",".",".",".",".","67","17","."
"48260","Weirton-Steubenville, WV-OH","1","0.7",".",".","0.07","0.067","49","20","3","26","12.1","42","18","."
"48540","Wheeling, WV-OH","0.8","0.6","44","7","0.08","0.069","8","4","2","22","9","122","24","."
"48580","Whitewater-Elkhorn, WI",".",".",".",".","0.08","0.072",".",".",".",".",".",".",".","."
"48620","Wichita, KS",".",".","36","7","0.08","0.064","3","1","1","20","7.4","88","25","."
"48700","Williamsport, PA",".",".",".",".","0.07","0.065",".",".",".",".",".","27","11","."
"48780","Williston, ND",".",".",".",".","0.06","0.053","46","16","1","14","2.3","62","15","."
"48900","Wilmington, NC",".",".",".",".","0.07","0.06","3","2","0","15","6.4",".",".","."
"48940","Wilmington, OH",".",".",".",".","0.08","0.071",".",".",".",".",".",".",".","."
"49020","Winchester, VA-WV",".",".",".",".","0.07","0.065",".",".",".","18","7.4","24","12","."
"49180","Winston-Salem, NC",".",".","36","7","0.08","0.07","6","1","0","18","8.5","33","12","."
"49340","Worcester, MA-CT","1.8","1.1","49","12","0.09","0.074","5","3","1","17","6","40","15","."
"49420","Yakima, WA",".",".",".",".",".",".",".",".",".","31","8.6","46","16","."
"49620","York-Hanover, PA","1.4","0.9",".",".","0.09","0.073","18","5","1","21","9.2",".",".","."
"49660","Youngstown-Warren-Boardman, OH-PA",".",".",".",".","0.08","0.071","13","4","0","19","8.2","45","16","."
"49700","Yuba City, CA","0.3","0.2",".",".","0.1","0.08",".",".",".","22","8.1","48","19","."
"49740","Yuma, AZ",".",".",".",".","0.08","0.067",".",".",".","23","8.3","224","48","."
