"CBSA Code","CBSA","CO 2nd Max 1-hr","CO 2nd Max 8-hr","NO2 98th Percentile 1-hr","NO2 Mean 1-hr","Ozone 2nd Max 1-hr","Ozone 4th Max 8-hr","SO2 99th Percentile 1-hr","SO2 2nd Max 24-hr","SO2 Mean 1-hr","PM2.5 98th Percentile 24-hr","PM2.5 Weighted Mean 24-hr","PM10 2nd Max 24-hr","PM10 Mean 24-hr","Lead Max 3-Mo Avg"
"10100","Aberdeen, SD",".",".",".",".",".",".",".",".",".","22","6.9","49","25","."
"10300","Adrian, MI",".",".",".",".","0.08","0.071",".",".",".","23","8",".",".","."
"10420","Akron, OH","2","1.8",".",".","0.09","0.069","6","2","0","20","9",".",".","."
"10500","Albany, GA",".",".",".",".",".",".",".",".",".","24","8.5",".",".","."
"10580","Albany-Schenectady-Troy, NY","1.2","0.8",".",".","0.07","0.067","2","2","0","20","7.9",".",".","."
"10740","Albuquerque, NM","1.8","1","45","10","0.08","0.075","5","2","1","21","8.4","229","42","."
"10780","Alexandria, LA",".",".",".",".",".",".",".",".",".","23","8.2",".",".","."
"10900","Allentown-Bethlehem-Easton, PA-NJ",".",".","41","9","0.08","0.073","6","4","1","24","8","40","11","0.13"
"11020","Altoona, PA",".",".",".",".","0.07","0.064","8","3","0",".",".",".",".","."
"11100","Amarillo, TX",".",".",".",".","0.08","0.072","133","21","3",".",".",".",".","."
"11140","Americus, GA",".",".",".",".","0.07","0.062",".",".",".",".",".",".",".","."
"11260","Anchorage, AK","4.4","2.7",".",".","0.05","0.044",".",".",".","19","5.4","155","18","."
"11460","Ann Arbor, MI",".",".",".",".","0.08","0.072",".",".",".","21","8.3",".",".","."
"11540","Appleton, WI",".",".",".",".","0.07","0.067","108","23","1","21","6.5",".",".","."
"11620","Ardmore, OK",".",".",".",".","0.09","0.075",".",".",".","24","8.6",".",".","."
"11640","Arecibo, PR",".",".",".",".",".",".",".",".",".",".",".",".",".","0.18"
"11660","Arkadelphia, AR",".",".",".",".","0.07","0.062",".",".",".",".",".",".",".","."
"11700","Asheville, NC",".",".",".",".","0.08","0.065","213","84","5","14","6.5",".",".","."
"11780","Ashtabula, OH",".",".",".",".","0.08","0.069","5","2","0",".",".",".",".","."
"11900","Athens, OH",".",".",".",".",".",".",".",".",".","14","6.4",".",".","."
"11940","Athens, TN",".",".",".",".",".",".",".",".",".","15","7.4",".",".","."
"12020","Athens-Clarke County, GA",".",".",".",".","0.08","0.065",".",".",".","14","7.1",".",".","."
"12060","Atlanta-Sandy Springs-Roswell, GA","2.2","1.6","47","16","0.09","0.072","4","2","1","21","10","38","17","."
"12100","Atlantic City-Hammonton, NJ",".",".",".",".","0.07","0.063","2","1","0","15","6.7",".",".","."
"12260","Augusta-Richmond County, GA-SC",".",".",".",".","0.09","0.066","64","8","1","29","9.9","33","13","."
"12300","Augusta-Waterville, ME",".",".","28","3","0.07","0.06","6","3","0","13","5.2","28","10","."
"12420","Austin-Round Rock, TX","2.3","1.3","46","12","0.08","0.072","2","1","0","23","10.2","82","23","."
"12540","Bakersfield, CA","1.8","1.1","51","13","0.12","0.096",".",".",".","96","18.1","171","54","."
"12580","Baltimore-Columbia-Towson, MD","1.8","1.3","48","16","0.1","0.075","12","4","1","21","9.6","33","14","."
"12620","Bangor, ME",".",".",".",".","0.07","0.056",".",".",".","14","5.2","43","14","."
"12660","Baraboo, WI",".",".",".",".","0.07","0.067",".",".",".","18","6.6","32","10","."
"12700","Barnstable Town, MA",".",".",".",".","0.09","0.071",".",".",".",".",".",".",".","."
"12940","Baton Rouge, LA","2.2","1.7","44","10","0.1","0.074","29","6","2","25","10.3","84","27","0.01"
"13020","Bay City, MI",".",".",".",".",".",".",".",".",".","18","7.1",".",".","."
"13140","Beaumont-Port Arthur, TX","0.7","0.5","35","6","0.1","0.073","61","13","1","26","10.5",".",".","."
"13180","Beaver Dam, WI","0.4","0.3",".",".","0.08","0.069",".",".",".","23","7.5","38","12","."
"13380","Bellingham, WA",".",".",".",".","0.08","0.062","101","28","4","24","5.3",".",".","."
"13420","Bemidji, MN",".",".",".",".",".",".",".",".",".","19","6.2",".",".","."
"13540","Bennington, VT",".",".",".",".","0.07","0.065",".",".",".","15","6",".",".","."
"13620","Berlin, NH-VT",".",".",".",".","0.08","0.069",".",".",".",".",".",".",".","."
"13700","Big Spring, TX",".",".",".",".",".",".","99","39","4",".",".",".",".","."
"13740","Billings, MT",".",".",".",".",".",".","22","5","2","28","8.4",".",".","."
"13820","Birmingham-Hoover, AL","1.7","1.3","45","11","0.09","0.069","72","20","3","23","10.3","59","21","."
"13860","Bishop, CA","1.4","1.2",".",".","0.09","0.078",".",".",".","44","7.4","353","26","."
"13900","Bismarck, ND","0.7","0.4","34","5","0.07","0.063","10","3","1","30","8.6","96","20","."
"13980","Blacksburg-Christiansburg-Radford, VA",".",".",".",".","0.07","0.063","66","17","2",".",".",".",".","0"
"14010","Bloomington, IL",".",".",".",".","0.08","0.068",".",".",".","20","9.7",".",".","."
"14020","Bloomington, IN",".",".",".",".","0.08","0.066",".",".",".","23","8.2",".",".","."
"14260","Boise City, ID","4.6","1.6",".",".","0.09","0.068","3","1","0","33","9.4","73","21","."
"14420","Borger, TX",".",".",".",".",".",".","214","69","7",".",".",".",".","."
"14460","Boston-Cambridge-Newton, MA-NH","1.1","0.7","48","13","0.09","0.071","14","5","1","21","10.1","31","9","."
"14500","Boulder, CO",".",".",".",".","0.1","0.077",".",".",".","22","6.8","57","21","."
"14540","Bowling Green, KY","0.3","0.3",".",".","0.07","0.062","5","2","0","18","8.1",".",".","."
"14580","Bozeman, MT","1.7","0.7",".","2",".",".",".",".",".","25","3.5",".",".","."
"14660","Brainerd, MN",".",".",".",".","0.06","0.06",".",".",".","17","5.5",".",".","."
"14740","Bremerton-Silverdale, WA",".",".",".",".",".",".",".",".",".","24","4.8",".",".","."
"14860","Bridgeport-Stamford-Norwalk, CT","2.4","1.4","40","9","0.12","0.086","6","2","0","20","7.9","34","14","."
"15100","Brookings, SD",".",".",".",".","0.08","0.067",".",".",".","12","4.7","70","18","."
"15180","Brownsville-Harlingen, TX",".",".",".",".","0.06","0.059",".",".",".",".",".",".",".","."
"15260","Brunswick, GA",".",".",".",".","0.07","0.06",".",".",".",".",".",".",".","."
"15380","Buffalo-Cheektowaga-Niagara Falls, NY","1.1","0.7","47","10","0.08","0.069","7","2","0","19","7.6","35","14","."
"15540","Burlington-South Burlington, VT","0.7","0.6","27","6","0.07","0.062","1","1","0","16","6.5","20","6","."
"15580","Butte-Silver Bow, MT",".",".",".",".",".",".",".",".",".","22","7.6","66","20","."
"15620","Cadillac, MI",".",".","8","1","0.08","0.068",".",".",".","16","5.4",".",".","."
"15700","Cambridge, MD",".",".",".",".","0.08","0.068","4","1",".","14","5.8",".",".","."
"15940","Canton-Massillon, OH","1.9","1",".",".","0.08","0.07",".",".",".","22","9.1",".",".","0.2"
"15980","Cape Coral-Fort Myers, FL",".",".",".",".","0.07","0.065",".",".",".",".",".",".",".","."
"16100","Carlsbad-Artesia, NM",".",".","30","5","0.1","0.083",".",".",".",".",".",".",".","."
"16180","Carson City, NV",".",".",".",".","0.09","0.071",".",".",".","42","7.1",".",".","."
"16220","Casper, WY",".",".","37","5","0.07","0.065","19","7","2","16","6","31","14","."
"16260","Cedar City, UT",".",".",".",".","0.08","0.067",".",".",".","14","4.8",".",".","."
"16300","Cedar Rapids, IA","1","0.9",".",".","0.08","0.069","28","9","1","23","8.6","54","20","."
"16540","Chambersburg-Waynesboro, PA",".",".",".",".","0.07","0.059",".",".",".",".",".",".",".","."
"16580","Champaign-Urbana, IL","0.3","0.3",".",".","0.08","0.072","3","2","1","18","8.2",".",".","."
"16620","Charleston, WV","1.2","0.8",".",".","0.08","0.066","5","2","0","16","7.6",".",".","."
"16700","Charleston-North Charleston, SC",".",".",".","1","0.07","0.06","13","4","0","14","6.8","31","14","."
"16740","Charlotte-Concord-Gastonia, NC-SC","1.8","1.3","35","10","0.08","0.07","3","1","0","16","8.4","58","15","."
"16820","Charlottesville, VA",".",".",".",".","0.07","0.062",".",".",".","14","6.2",".",".","."
"16860","Chattanooga, TN-GA",".",".",".",".","0.08","0.064",".",".",".","17","9.1",".",".","."
"16940","Cheyenne, WY","0.4","0.4","34","4","0.08","0.068","3","1","0","14","4.9","44","13","."
"16980","Chicago-Naperville-Elgin, IL-IN-WI","3.4","1.6","61","18","0.1","0.084","28","8","2","27","11.2","76","23","0.01"
"17020","Chico, CA","19.3","6.4","36","7","0.1","0.084",".",".",".","61","13.7","338","31","."
"17140","Cincinnati, OH-KY-IN","4.3","1.7","41","19","0.09","0.08","24","7","1","23","11.1","83","37","."
"17200","Claremont-Lebanon, NH-VT",".",".",".",".","0.07","0.061",".",".",".","16","6.2",".",".","."
"17220","Clarksburg, WV",".",".",".",".",".",".",".",".",".","15","7.1",".",".","."
"17300","Clarksville, TN-KY",".",".",".",".","0.07","0.062",".",".",".","16","8.2",".",".","."
"17340","Clearlake, CA",".",".",".",".","0.07","0.053",".",".",".","72","9.3","89","16","."
"17380","Cleveland, MS",".",".",".",".","0.08","0.069",".",".",".",".",".",".",".","."
"17460","Cleveland-Elyria, OH","4.7","3.1","49","11","0.09","0.076","53","11","1","28","11.1","74","30","0.06"
"17540","Clinton, IA",".",".",".",".","0.08","0.067","25","9","1","21","9",".",".","."
"17820","Colorado Springs, CO","2.4","1.5",".",".","0.08","0.073","9","3","1","16","6.2","36","19","."
"17860","Columbia, MO",".",".",".",".","0.08","0.063",".",".",".",".",".",".",".","."
"17900","Columbia, SC","0.9","0.6",".",".","0.07","0.063","2","1","0","17","7.7",".",".","."
"17980","Columbus, GA-AL",".",".",".",".","0.07","0.061",".",".",".","28","9.2",".",".","0.04"
"18020","Columbus, IN",".",".",".",".","0.08","0.069",".",".",".","18","7.3",".",".","."
"18140","Columbus, OH","1.7","1.2","44","10","0.08","0.067",".",".","0","24","9.1",".",".","0.01"
"18180","Concord, NH",".",".",".",".","0.07","0.06","15","7","1",".",".",".",".","."
"18260","Cookeville, TN",".",".",".",".",".",".",".",".",".","15","6.9",".",".","."
"18500","Corning, NY","0.3","0.3",".",".","0.07","0.064","2","1","0","15","5.4",".",".","."
"18580","Corpus Christi, TX",".",".",".",".","0.07","0.061","5","2","0","29","8.1","79","20","."
"18620","Corsicana, TX",".",".","28","4","0.08","0.067","141","24","2",".",".",".",".","."
"18780","Craig, CO",".",".",".",".","0.07","0.064",".",".",".",".",".",".",".","."
"18880","Crestview-Fort Walton Beach-Destin, FL",".",".",".",".","0.07","0.061",".",".",".",".",".","54","14","."
"19000","Cullowhee, NC",".",".",".",".",".",".",".",".",".","16","6.6",".",".","."
"19060","Cumberland, MD-WV",".",".",".",".",".",".","203","54","3",".",".",".",".","."
"19100","Dallas-Fort Worth-Arlington, TX","1.8","1.2","43","11","0.1","0.082","8","4","0","28","9.7",".",".","0.01"
"19140","Dalton, GA",".",".",".",".","0.07","0.064",".",".",".",".",".",".",".","."
"19300","Daphne-Fairhope-Foley, AL",".",".",".",".","0.08","0.064",".",".",".",".",".",".",".","."
"19340","Davenport-Moline-Rock Island, IA-IL","0.9","0.7","30","6","0.08","0.071","5","2","1","21","8.8","140","39","."
"19380","Dayton, OH","2.6","1",".",".","0.09","0.073","9","5","0","21","9.2","30","16","."
"19460","Decatur, AL",".",".",".",".","0.08","0.066",".",".",".","16","7.4",".",".","."
"19500","Decatur, IL",".",".",".",".","0.08","0.069","89","37","3","22","10.4",".",".","."
"19660","Deltona-Daytona Beach-Ormond Beach, FL",".",".",".",".","0.07","0.064",".",".",".","12","7.2","34","15","."
"19700","Deming, NM",".",".",".",".",".",".",".",".",".",".",".","186","21","."
"19740","Denver-Aurora-Lakewood, CO","4","2.9","70","27","0.1","0.083","8","4","1","37","10.2","146","36","."
"19780","Des Moines-West Des Moines, IA","1.4","0.8","34","7","0.08","0.065","1","0","0","19","8","43","18","."
"19820","Detroit-Warren-Dearborn, MI","3.1","2.4","43","16","0.09","0.077","82","26","2","29","11.9","123","29","0.08"
"19860","Dickinson, ND",".",".",".",".","0.07","0.061",".",".","1","19","4.3",".",".","."
"19980","Dodge City, KS",".",".",".",".",".",".",".",".",".",".",".","140","24","."
"20020","Dothan, AL",".",".",".",".","0.07","0.061",".",".",".","17","7.7",".",".","."
"20060","Douglas, GA",".",".",".",".",".",".",".",".",".","13","5.9",".",".","."
"20100","Dover, DE",".",".",".",".","0.08","0.067",".",".",".","16","6.6",".",".","."
"20180","DuBois, PA",".",".",".",".","0.07","0.064",".",".",".",".",".",".",".","."
"20260","Duluth, MN-WI",".",".",".",".","0.07","0.059",".",".",".","25","5.7","89","29","0.01"
"20420","Durango, CO","1.1","0.6","26","5","0.08","0.071",".",".",".",".",".",".",".","."
"20460","Durant, OK",".",".",".",".","0.08","0.067",".",".",".",".",".",".",".","."
"20500","Durham-Chapel Hill, NC",".",".",".",".","0.08","0.063","25","5","0","17","8.9","29","12","."
"20540","Dyersburg, TN",".",".",".",".",".",".",".",".",".","15","7.4",".",".","."
"20700","East Stroudsburg, PA",".",".",".",".","0.07","0.07",".",".",".",".",".",".",".","."
"20740","Eau Claire, WI",".",".",".",".","0.07","0.066",".",".",".","22","7.5",".",".","."
"20820","Effingham, IL",".",".",".",".","0.08","0.066",".",".",".",".",".",".",".","."
"20940","El Centro, CA","5.2","3.3","64","12","0.1","0.076",".",".",".","30","10.4","351","60","."
"20980","El Dorado, AR",".",".",".",".",".",".",".",".",".","25","8.8",".",".","."
"21060","Elizabethtown-Fort Knox, KY",".",".",".",".","0.08","0.067",".",".",".","17","8.1",".",".","."
"21140","Elkhart-Goshen, IN",".",".",".",".","0.08","0.07",".",".",".","20","7.9",".",".","."
"21260","Ellensburg, WA",".",".",".",".",".",".",".",".",".","47","7.1",".",".","."
"21340","El Paso, TX","4.9","2.3","61","11","0.1","0.078",".",".",".","25","8.5","114","34","0.01"
"21420","Enid, OK",".",".",".",".",".",".","44","9","0",".",".",".",".","."
"21500","Erie, PA","0.8","0.5",".",".","0.07","0.062",".",".",".",".",".","32","11","."
"21580","Espa¤ola, NM",".",".",".",".","0.08","0.07",".",".",".",".",".",".",".","."
"21660","Eugene, OR",".",".",".",".","0.07","0.06",".",".",".","39","9","83","20","."
"21700","Eureka-Arcata-Fortuna, CA","1","0.8","21","2","0.05","0.049","1","1","0","30","7.7","55","18","."
"21740","Evanston, WY",".",".","11","2","0.07","0.068",".",".",".",".",".","67","11","."
"21780","Evansville, IN-KY","1.5","0.9",".","8","0.08","0.07","102","36","3","21","9.3","30","16","."
"21820","Fairbanks, AK","3.4","2","54","12","0.05","0.041","37","25","6","52","11","59","15","."
"21900","Fairmont, WV",".",".",".",".",".",".",".",".",".","15","7.4",".",".","."
"21980","Fallon, NV",".",".",".",".","0.09","0.074",".",".",".",".",".",".",".","."
"22020","Fargo, ND-MN",".",".","32","4","0.07","0.063","3","2","1","22","7","74","15","."
"22100","Farmington, MO",".",".",".",".",".",".",".",".",".",".",".",".",".","0.02"
"22140","Farmington, NM",".",".","34","10","0.09","0.074","9","1","0",".",".","84","12","."
"22180","Fayetteville, NC",".",".",".",".","0.07","0.064",".",".",".","15","7.2",".",".","."
"22220","Fayetteville-Springdale-Rogers, AR-MO",".",".",".",".","0.07","0.065",".",".",".","25","8.4","40","17","."
"22280","Fernley, NV",".",".",".",".","0.08","0.073",".",".",".",".",".",".",".","."
"22380","Flagstaff, AZ",".",".",".",".","0.08","0.068",".",".",".",".",".",".",".","."
"22420","Flint, MI",".",".",".",".","0.08","0.069",".",".",".","17","7.3",".",".","."
"22500","Florence, SC",".",".",".",".","0.06","0.058",".",".",".",".",".",".",".","."
"22520","Florence-Muscle Shoals, AL",".",".",".",".","0.07","0.06",".",".",".","16","7.5",".",".","."
"22540","Fond du Lac, WI",".",".",".",".","0.07","0.066",".",".",".",".",".",".",".","."
"22660","Fort Collins, CO","2.3","1.6",".",".","0.1","0.081",".",".",".","20","7.7","51","20","."
"22800","Fort Madison-Keokuk, IA-IL-MO",".",".",".",".",".",".",".",".",".","20","9",".",".","."
"22840","Fort Payne, AL",".",".",".",".","0.07","0.064",".",".",".","16","7",".",".","."
"22900","Fort Smith, AR-OK",".",".",".","5","0.07","0.062",".",".",".","19","8.2",".",".","."
"23060","Fort Wayne, IN",".",".",".",".","0.08","0.072",".",".",".","21","8.8",".",".","."
"23420","Fresno, CA","2.1","1.8","63","21","0.11","0.088","6","2","1","66","17.1","120","45","."
"23460","Gadsden, AL",".",".",".",".","0.07","0.064",".",".",".","15","7.8",".",".","."
"23540","Gainesville, FL",".",".",".",".","0.07","0.062",".",".",".",".",".",".",".","."
"23820","Gardnerville Ranchos, NV",".",".",".",".",".",".",".",".",".","40","7.3",".",".","."
"23860","Georgetown, SC",".",".",".",".",".",".",".",".",".",".",".","47","17","."
"23900","Gettysburg, PA","0.5","0.4",".","1","0.08","0.068",".",".",".",".",".",".",".","."
"23940","Gillette, WY",".",".","30","5","0.07","0.064",".",".",".","21","4.7","113","27","."
"24060","Glenwood Springs, CO",".",".",".","5","0.09","0.074",".",".",".","16","4.8","62","18","."
"24260","Grand Island, NE",".",".",".",".",".",".",".",".",".","19","6.2",".",".","."
"24300","Grand Junction, CO","1.1","0.8",".",".","0.08","0.069",".",".",".","16","5.9","38","18","."
"24340","Grand Rapids-Wyoming, MI","1.4","0.9",".",".","0.09","0.073","13","3","0","19","8.2","30","14","0"
"24420","Grants Pass, OR",".",".",".",".",".",".",".",".",".","75","12.2",".",".","."
"24540","Greeley, CO","1.3","0.9",".",".","0.09","0.073",".",".",".","24","9.6","48","23","."
"24580","Green Bay, WI",".",".",".",".","0.09","0.072","12","3","0","19","6.4",".",".","."
"24640","Greenfield Town, MA",".",".",".",".","0.08","0.066",".",".",".","18","5.8",".",".","."
"24660","Greensboro-High Point, NC",".",".",".",".","0.08","0.067",".",".",".","15","7.3","32","16","."
"24780","Greenville, NC",".",".",".",".","0.07","0.066",".",".",".","12","6.1",".",".","."
"24860","Greenville-Anderson-Mauldin, SC",".",".","40","8","0.07","0.062","2","1","0","18","7.7",".",".","."
"24980","Grenada, MS",".",".",".",".",".",".",".",".",".","17","7.1",".",".","."
"25020","Guayama, PR",".",".",".",".",".",".","7","7","1",".",".",".",".","."
"25060","Gulfport-Biloxi-Pascagoula, MS",".",".","28","4","0.09","0.068","6","3","1","18","8.5",".",".","."
"25180","Hagerstown-Martinsburg, MD-WV",".",".",".",".","0.07","0.066",".",".",".","22","8.1",".",".","."
"25220","Hammond, LA",".",".",".",".",".",".",".",".",".","25","7.9",".",".","."
"25260","Hanford-Corcoran, CA",".",".","51","9","0.09","0.08",".",".",".","82","18.6","209","59","."
"25420","Harrisburg-Carlisle, PA",".",".",".",".","0.08","0.068",".",".",".","26","9.7","35","13","."
"25460","Harrison, AR",".",".",".",".","0.07","0.062",".",".",".",".",".",".",".","."
"25500","Harrisonburg, VA",".",".","36","8","0.07","0.059","2","1","0","18","6.8",".",".","."
"25540","Hartford-West Hartford-East Hartford, CT","1.4","1","41","13","0.1","0.077",".",".",".","18","7.2","24","10","."
"25620","Hattiesburg, MS",".",".",".",".",".",".",".",".",".","23","9.5",".",".","."
"25740","Helena, MT","0.6","0.6",".",".","0.1","0.062","8","2","0","40","8.8",".",".","."
"25860","Hickory-Lenoir-Morganton, NC",".",".",".",".","0.07","0.065",".",".",".","18","8.1",".",".","."
"25900","Hilo, HI",".",".",".",".",".",".","1108","303","24","38","11.5",".",".","."
"26020","Hobbs, NM",".",".","36","5","0.09","0.076",".",".",".","18","8",".",".","."
"26090","Holland, MI",".",".",".",".","0.09","0.074",".",".",".","21","7.6",".",".","."
"26140","Homosassa Springs, FL",".",".",".",".",".",".","37","7","1",".",".",".",".","."
"26300","Hot Springs, AR",".",".",".",".",".",".",".",".",".","29","9",".",".","."
"26380","Houma-Thibodaux, LA",".",".",".",".","0.08","0.063",".",".",".","17","7.2",".",".","."
"26420","Houston-The Woodlands-Sugar Land, TX","2.6","1.5","52","12","0.13","0.088","24","4","0","33","11","102","32","."
"26540","Huntington, IN",".",".",".",".","0.07","0.066",".",".",".",".",".",".",".","."
"26580","Huntington-Ashland, WV-KY-OH",".",".","27","5","0.08","0.066","11","4","1","18","7.8","47","21","."
"26620","Huntsville, AL",".",".",".",".","0.08","0.065",".",".",".","16","7.6","33","15","."
"26820","Idaho Falls, ID",".",".",".",".","0.08","0.069",".",".",".",".",".",".",".","."
"26860","Indiana, PA",".",".",".",".","0.08","0.068","28","6","1",".",".",".",".","."
"26900","Indianapolis-Carmel-Anderson, IN","3.3","2.2",".","14","0.09","0.076","55","13","1","27","10.9","55","26","."
"26960","Ionia, MI",".",".",".",".",".",".",".",".",".",".",".",".",".","0.05"
"26980","Iowa City, IA",".",".",".",".",".",".",".",".",".","19","8",".",".","."
"27060","Ithaca, NY",".",".",".",".","0.07","0.067","52","11","0",".",".",".",".","."
"27140","Jackson, MS","2","1.7","38","7","0.08","0.068","3","2","0","28","10.6","80","20","."
"27180","Jackson, TN",".",".",".",".",".",".",".",".",".","16","7",".",".","."
"27220","Jackson, WY-ID","0.4","0.4",".",".","0.07","0.064",".",".",".","20","3.7","41","13","."
"27260","Jacksonville, FL","1.7","1.2","41","11","0.08","0.061","40","8","2","17","8.7","46","18","."
"27460","Jamestown-Dunkirk-Fredonia, NY",".",".",".",".","0.08","0.071","3","1","0","17","6.6",".",".","."
"27500","Janesville-Beloit, WI",".",".",".",".","0.07","0.068",".",".",".",".",".",".",".","."
"27540","Jasper, IN",".",".",".",".",".",".","19","3","1","22","8.9","36","16","."
"27620","Jefferson City, MO",".",".",".",".","0.07","0.064",".",".",".",".",".",".",".","."
"27780","Johnstown, PA","1.2","1","34","5","0.07","0.059","17","4","1",".",".",".",".","."
"27900","Joplin, MO",".",".",".",".","0.07","0.067",".",".",".",".",".","91","23","."
"27940","Juneau, AK",".",".",".",".",".",".",".",".",".","22","6.9",".",".","."
"27980","Kahului-Wailuku-Lahaina, HI",".",".",".",".",".",".",".",".",".","11","4.5",".",".","."
"28020","Kalamazoo-Portage, MI",".",".",".",".","0.08","0.071",".",".",".","19","8.5",".",".","."
"28060","Kalispell, MT",".",".",".",".","0.07","0.055",".",".",".","49","10.1","135","26","."
"28140","Kansas City, MO-KS","1.9","1.1","48","12","0.1","0.074","6","3","1","18","9.6","60","25","."
"28180","Kapaa, HI",".",".","39","5",".",".","3","1","0","8","2.5",".",".","."
"28300","Keene, NH",".",".",".",".","0.07","0.061",".",".",".","17","6.1",".",".","."
"28420","Kennewick-Richland, WA",".",".",".",".","0.08","0.073",".",".",".",".",".","169","20","."
"28660","Killeen-Temple, TX",".",".",".",".","0.08","0.072",".",".",".",".",".",".",".","."
"28700","Kingsport-Bristol-Bristol, TN-VA",".",".",".",".","0.08","0.065","86","24","2","15","7.2",".",".","0"
"28820","Kinston, NC",".",".",".",".","0.07","0.064",".",".",".",".",".",".",".","."
"28900","Klamath Falls, OR",".",".",".",".",".",".",".",".",".","146","18.6",".",".","."
"28940","Knoxville, TN","0.3","0.3","5","1","0.08","0.067","6","2","1","19","9.4","39","17","0.06"
"29020","Kokomo, IN",".",".",".",".","0.08","0.072",".",".",".","17","7.8",".",".","."
"29060","Laconia, NH",".",".",".",".","0.07","0.056",".",".",".","12","4.5",".",".","."
"29100","La Crosse-Onalaska, WI-MN",".",".",".",".","0.07","0.062",".",".",".","21","7.7",".",".","."
"29180","Lafayette, LA",".",".",".",".","0.07","0.065",".",".",".","22","8.4","108","17","."
"29200","Lafayette-West Lafayette, IN",".",".",".",".","0.08","0.066",".",".",".","19","8.4",".",".","."
"29260","La Grande, OR",".",".",".",".",".",".",".",".",".",".",".","51","17","."
"29340","Lake Charles, LA",".",".","42","8","0.08","0.069","31","8","1","25","7.9",".",".","."
"29380","Lake City, FL",".",".",".",".","0.07","0.063",".",".",".",".",".",".",".","."
"29420","Lake Havasu City-Kingman, AZ",".",".",".",".",".",".",".",".",".",".",".","102","20","."
"29460","Lakeland-Winter Haven, FL",".",".",".",".","0.08","0.066","16","3","1","13","7.2",".",".","."
"29540","Lancaster, PA",".",".",".",".","0.09","0.069",".",".",".","24","9.5","38","14","0.06"
"29620","Lansing-East Lansing, MI",".",".",".",".","0.08","0.071",".",".",".",".",".",".",".","."
"29660","Laramie, WY",".",".",".",".","0.08","0.07",".",".",".","18","5","113","25","."
"29700","Laredo, TX","2.7","1.5",".",".","0.06","0.058",".",".",".",".",".",".",".","."
"29740","Las Cruces, NM",".",".","47","7","0.1","0.081",".",".",".","29","9.4","325","37","."
"29820","Las Vegas-Henderson-Paradise, NV","3.9","2.8","59","27","0.09","0.077",".",".",".","27","10","115","32","."
"29980","Lawrenceburg, TN",".",".",".",".",".",".",".",".",".","15","7",".",".","."
"30020","Lawton, OK",".",".",".",".","0.08","0.072",".",".",".","18","7.1",".",".","."
"30140","Lebanon, PA",".",".",".",".","0.08","0.07",".",".",".","23","8.7",".",".","."
"30340","Lewiston-Auburn, ME",".",".",".",".","0.07","0.059",".",".",".","15","5.2","27","12","."
"30460","Lexington-Fayette, KY",".",".","31","3","0.07","0.063","5","1","0",".",".","51","15","."
"30620","Lima, OH",".",".",".",".","0.08","0.075","4","1","0","18","8.6",".",".","."
"30700","Lincoln, NE",".",".",".",".","0.07","0.062","10","4","0","19","7.1",".",".","."
"30780","Little Rock-North Little Rock-Conway, AR","1.1","0.8","42","7","0.08","0.067","6","3","1","25","10.3","51","19","."
"30860","Logan, UT-ID",".",".","30","4","0.08","0.069",".",".",".","49","9","58","20","."
"30980","Longview, TX",".",".","19","4","0.09","0.068","109","27","2",".",".",".",".","."
"31080","Los Angeles-Long Beach-Anaheim, CA","4.4","3.1","79","22","0.13","0.102","9","2","1","42","13.4","90","33","0.06"
"31140","Louisville/Jefferson County, KY-IN","1.5","1","46","15","0.1","0.077","16","4","1","26","10.3","40","17","."
"31220","Ludington, MI",".",".",".",".","0.08","0.068",".",".",".",".",".",".",".","."
"31340","Lynchburg, VA",".",".",".",".",".",".",".",".",".","14","6.4",".",".","."
"31420","Macon, GA",".",".",".",".","0.08","0.064","3","2","1","19","8.5",".",".","."
"31460","Madera, CA","1.8","1","33","6","0.1","0.076",".",".",".","82","14","140","40","."
"31540","Madison, WI",".",".",".",".","0.08","0.066","3","1","0","23","8.6",".",".","."
"31660","Malone, NY",".",".",".",".",".",".","1","1","0",".",".",".",".","."
"31700","Manchester-Nashua, NH","0.3","0.3",".",".","0.08","0.066","3","2","1","12","3.2",".",".","."
"31820","Manitowoc, WI",".",".",".",".","0.1","0.076",".",".",".",".",".",".",".","."
"31930","Marietta, OH",".",".",".",".","0.08","0.066",".",".",".",".",".",".",".","0"
"32020","Marion, OH",".",".",".",".",".",".",".",".",".",".",".",".",".","0.02"
"32140","Marshall, MN",".",".",".",".","0.07","0.061",".",".",".","14","6.1",".",".","."
"32220","Marshall, TX",".",".","15","2","0.08","0.061","45","9","1","21","8.4",".",".","."
"32380","Mason City, IA",".",".",".",".",".",".",".",".",".",".",".","50","19","."
"32540","McAlester, OK",".",".",".",".","0.08","0.069",".",".",".","25","7.8",".",".","0"
"32580","McAllen-Edinburg-Mission, TX",".",".",".",".","0.07","0.059",".",".",".","26","9","77","25","."
"32780","Medford, OR",".",".",".",".","0.09","0.074",".",".",".",".",".",".",".","."
"32820","Memphis, TN-MS-AR","1.5","0.9","38","10","0.09","0.073","3","1","0","24","9.1","64","15","."
"32900","Merced, CA",".",".","36","7","0.1","0.079",".",".",".","56","15.1","80","34","."
"32940","Meridian, MS",".",".",".",".","0.07","0.062",".",".",".",".",".",".",".","."
"33060","Miami, OK",".",".",".",".","0.07","0.063",".",".",".",".",".","52","17","0.02"
"33100","Miami-Fort Lauderdale-West Palm Beach, FL","1.7","1.1","46","15","0.08","0.066","1","0","0","17","8.2","47","16","."
"33140","Michigan City-La Porte, IN",".",".",".",".","0.1","0.082",".",".",".",".",".",".",".","."
"33180","Middlesborough, KY",".",".",".",".","0.07","0.061",".",".",".","16","7.6",".",".","."
"33340","Milwaukee-Waukesha-West Allis, WI","1","0.8","47","14","0.1","0.073","4","1","0","25","9.4","40","16","."
"33460","Minneapolis-St. Paul-Bloomington, MN-WI","17.9","3.9","45","13","0.09","0.069","17","6","1","28","8.9","144","35","0.08"
"33500","Minot, ND",".",".","12","2","0.07","0.061","8","4","1","26","5.7","56","9","."
"33540","Missoula, MT",".",".",".",".",".",".",".",".",".","29","8","63","17","."
"33660","Mobile, AL",".",".",".",".","0.08","0.065","10","3","0","17","8.1",".",".","."
"33700","Modesto, CA","2.5","1.9","47","10","0.1","0.084",".",".",".","100","17.2","184","36","."
"33740","Monroe, LA",".",".",".",".","0.06","0.057",".",".",".","24","7.9",".",".","."
"33780","Monroe, MI",".",".",".",".",".",".","4","2","1",".",".","50","17","."
"33860","Montgomery, AL",".",".",".",".","0.07","0.062",".",".",".","18","8.5","49","15","."
"33940","Montrose, CO",".",".",".",".","0.07","0.065",".",".",".",".",".",".",".","."
"34060","Morgantown, WV",".",".",".",".","0.07","0.062",".",".",".",".",".",".",".","."
"34100","Morristown, TN",".",".",".",".","0.08","0.067",".",".",".",".",".",".",".","."
"34420","Mount Pleasant, TX",".",".",".",".",".",".","20","3","0",".",".",".",".","."
"34500","Mount Vernon, IL",".",".",".",".","0.08","0.069",".",".",".","21","8.9",".",".","."
"34540","Mount Vernon, OH",".",".",".",".","0.08","0.066",".",".",".",".",".",".",".","."
"34580","Mount Vernon-Anacortes, WA",".",".",".",".","0.05","0.041","2","1","0","28","6.3",".",".","."
"34620","Muncie, IN",".",".",".",".","0.08","0.07",".",".",".","19","8.3",".",".","0.03"
"34700","Muscatine, IA",".",".",".",".",".",".","24","9","1","23","8.8","47","19","."
"34740","Muskegon, MI",".",".",".",".","0.1","0.08",".",".",".",".",".",".",".","."
"34780","Muskogee, OK",".",".",".",".",".",".","31","9","1",".",".","155","28","."
"34820","Myrtle Beach-Conway-North Myrtle Beach, SC-NC",".",".",".",".","0.07","0.062",".",".",".",".",".",".",".","."
"34900","Napa, CA","1.4","1.1",".",".",".",".",".",".",".",".",".",".",".","."
"34940","Naples-Immokalee-Marco Island, FL",".",".",".",".","0.07","0.062",".",".",".",".",".",".",".","."
"34980","Nashville-Davidson--Murfreesboro--Franklin, TN","1.8","1.6","47","14","0.09","0.071",".",".",".","18","9.2","41","15","."
"35220","New Castle, IN",".",".",".",".",".",".",".",".",".","17","7.9",".",".","."
"35260","New Castle, PA",".",".",".",".","0.07","0.066",".",".",".",".",".",".",".","0.03"
"35300","New Haven-Milford, CT","2","1.2","52","12","0.11","0.077","3","3","0","22","8.5","38","14","."
"35380","New Orleans-Metairie, LA","1.7","1.5","45","10","0.08","0.07","53","17","2","21","8.6","63","19","0.08"
"35620","New York-Newark-Jersey City, NY-NJ-PA","4.8","2.7","68","19","0.11","0.079","8","4","1","27","11.1","38","16","0"
"35660","Niles-Benton Harbor, MI",".",".",".",".","0.09","0.073",".",".",".",".",".",".",".","."
"35700","Nogales, AZ",".",".",".",".",".",".",".",".",".","23","9.2","114","34","."
"35840","North Port-Sarasota-Bradenton, FL",".",".","14","2","0.08","0.066","10","3","1","13","6.6","39","16","."
"35980","Norwich-New London, CT",".",".",".",".","0.09","0.074",".",".",".","15","5.2",".",".","."
"36100","Ocala, FL",".",".",".",".","0.07","0.062",".",".",".",".",".",".",".","."
"36260","Ogden-Clearfield, UT","2","1","46","17","0.1","0.08",".",".",".","31","8.5","102","23","."
"36300","Ogdensburg-Massena, NY",".",".",".",".",".",".","87","41","4",".",".",".",".","."
"36420","Oklahoma City, OK","1.8","1.6","41","13","0.1","0.076","3","0","0","24","10.1","92","22","."
"36500","Olympia-Tumwater, WA",".",".",".",".","0.09","0.063",".",".",".",".",".",".",".","."
"36540","Omaha-Council Bluffs, NE-IA","1.7","1.3",".",".","0.08","0.069","37","11","1","23","9.1","62","23","0.08"
"36740","Orlando-Kissimmee-Sanford, FL","1.6","1","30","5","0.09","0.067","4","1","0","16","6.8","27","12","."
"36860","Ottawa-Peru, IL",".",".",".",".",".",".","27","5","1",".",".",".",".","."
"36980","Owensboro, KY",".",".","28","4","0.08","0.065","17","4","1","20","9",".",".","."
"37080","Oxford, NC",".",".",".",".","0.08","0.065",".",".",".",".",".",".",".","."
"37100","Oxnard-Thousand Oaks-Ventura, CA",".",".","37","8","0.1","0.076",".",".",".","24","10.2","160","27","."
"37140","Paducah, KY-IL",".",".","28","5","0.08","0.067","10","3","0","22","9.7","33","17","."
"37220","Pahrump, NV",".",".",".",".",".",".",".",".",".",".",".","150","22","."
"37260","Palatka, FL",".",".",".",".",".",".","13","3","1",".",".",".",".","."
"37340","Palm Bay-Melbourne-Titusville, FL",".",".",".",".","0.08","0.064",".",".",".","11","5.4","26","12","."
"37460","Panama City, FL",".",".",".",".","0.08","0.06",".",".",".",".",".",".",".","."
"37620","Parkersburg-Vienna, WV",".",".",".",".","0.07","0.061","16","5","2","17","7.7",".",".","."
"37740","Payson, AZ",".",".",".",".","0.09","0.076","208","36","7",".",".","239","31","0.15"
"37860","Pensacola-Ferry Pass-Brent, FL",".",".",".",".","0.08","0.067","5","2","1","21","8.1",".",".","."
"37900","Peoria, IL",".",".",".",".","0.08","0.07",".",".",".","20","9.4",".",".","."
"37980","Philadelphia-Camden-Wilmington, PA-NJ-DE-MD","1.7","1.3","45","11","0.1","0.084","14","5","1","23","10.4",".",".","."
"38060","Phoenix-Mesa-Scottsdale, AZ","4.8","2.9","62","28","0.11","0.08","8","4","1","42","12.6","829","79","0.05"
"38180","Pierre, SD",".",".",".",".",".",".",".",".",".","14","4.1",".",".","."
"38300","Pittsburgh, PA","5.6","3.2","38","10","0.09","0.074","130","26","4","33","13.2","67","22","0"
"38340","Pittsfield, MA",".",".",".",".",".",".",".",".",".","16","5.9",".",".","."
"38420","Platteville, WI",".",".",".",".",".",".",".",".",".","20","8.4",".",".","."
"38540","Pocatello, ID",".",".",".",".",".",".","44","16","5",".",".","109","23","."
"38580","Point Pleasant, WV-OH",".",".",".",".",".",".","57","10","1",".",".",".",".","."
"38620","Ponca City, OK",".",".",".",".","0.07","0.06","31","10","1","20","8.3",".",".","."
"38660","Ponce, PR","7.6","1.5",".",".",".",".",".",".",".",".",".",".",".","."
"38820","Port Angeles, WA","0.5","0.5",".",".","0.07","0.056","1","1","0",".",".",".",".","."
"38860","Portland-South Portland, ME","1.2","0.9",".","8","0.09","0.068","7","5","1","16","6.9","69","19","."
"38900","Portland-Vancouver-Hillsboro, OR-WA","1.9","1.6","38","12","0.09","0.07","3","1","0","32","8.1","27","12","."
"38940","Port St. Lucie, FL",".",".",".",".","0.08","0.064",".",".",".",".",".",".",".","."
"39020","Portsmouth, OH",".",".",".",".",".",".","29","9","1","16","7","42","11","."
"39140","Prescott, AZ",".",".",".",".","0.08","0.065",".",".",".",".",".",".",".","."
"39220","Price, UT",".",".","14","2","0.08","0.073",".",".",".",".",".",".",".","."
"39260","Prineville, OR",".",".",".",".",".",".",".",".",".","33","8.9",".",".","."
"39300","Providence-Warwick, RI-MA","2.2","1.5","37","17","0.1","0.079","4","2","1","20","8.9","23","11","."
"39340","Provo-Orem, UT","0.7","0.5","41","9","0.1","0.079",".",".",".","51","8.7","85","21","."
"39380","Pueblo, CO",".",".",".",".",".",".",".",".",".","16","6.2","56","21","."
"39500","Quincy, IL-MO",".",".",".",".","0.07","0.063",".",".",".",".",".",".",".","."
"39540","Racine, WI",".",".",".",".","0.1","0.078",".",".",".",".",".",".",".","."
"39580","Raleigh, NC","1.4","0.9","34","9","0.07","0.063","3","1","0","18","9.7","28","14","."
"39660","Rapid City, SD",".",".","39","6","0.07","0.063","2","1","0","27","6.7","124","33","."
"39740","Reading, PA",".",".",".",".","0.08","0.071",".",".",".","24","8.2",".",".","0.02"
"39780","Red Bluff, CA",".",".",".",".","0.09","0.082",".",".",".","63","10.5","100","24","."
"39820","Redding, CA",".",".",".",".","0.09","0.079",".",".",".",".",".","137","25","."
"39860","Red Wing, MN",".",".",".",".","0.07","0.063",".",".",".",".",".",".",".","."
"39900","Reno, NV","2.2","1.6","46","13","0.1","0.078","4","2","0","35","8","126","24","."
"40060","Richmond, VA","1.3","1.2","43","12","0.09","0.066","18","3","0","19","8.1","28","12","."
"40080","Richmond-Berea, KY",".",".",".",".",".",".",".",".",".",".",".",".",".","0.29"
"40140","Riverside-San Bernardino-Ontario, CA","2.7","1.5","71","30","0.14","0.111","6","5","1","46","17.6","377","52","0.01"
"40180","Riverton, WY",".",".","3","1","0.07","0.066","50","10","1","21","6.7","42","19","."
"40220","Roanoke, VA","0.8","0.7","31","5","0.07","0.062","28","5","0","15","7",".",".","0.02"
"40340","Rochester, MN",".",".",".",".","0.07","0.056",".",".",".","20","8.6",".",".","."
"40380","Rochester, NY","1.3","0.8","37","9","0.08","0.071","8","2","0","19","7.3","31","11","."
"40420","Rockford, IL",".",".",".",".","0.08","0.07",".",".",".",".",".",".",".","."
"40500","Rockland, ME",".",".",".",".","0.08","0.064",".",".",".",".",".",".",".","."
"40540","Rock Springs, WY",".",".","34","3","0.08","0.068","45","6","2","19","5.7","193","26","."
"40580","Rocky Mount, NC",".",".",".",".","0.07","0.062",".",".",".",".",".",".",".","."
"40660","Rome, GA",".",".",".",".",".",".","15","3","1",".",".",".",".","."
"40860","Rutland, VT","1.8","0.9","35","7","0.07","0.063","2","1","1","24","7.5",".",".","."
"40900","Sacramento--Roseville--Arden-Arcade, CA","4.1","3.6","58","12","0.13","0.098","2","1","0","173","14.4","252","29","0.01"
"41060","St. Cloud, MN",".",".",".",".","0.08","0.066",".",".",".","18","6.5",".",".","."
"41100","St. George, UT",".",".",".","3","0.08","0.069",".",".",".",".",".",".",".","."
"41140","St. Joseph, MO-KS",".",".",".",".","0.09","0.069",".",".",".","18","8.9","87","27","."
"41180","St. Louis, MO-IL","2.1","1.4","47","11","0.1","0.077","38","6","1","31","11.1","91","31","0.11"
"41260","St. Marys, PA",".",".",".",".","0.07","0.065",".",".",".",".",".",".",".","."
"41400","Salem, OH",".",".",".",".",".",".",".",".",".",".",".","26","12","0.03"
"41420","Salem, OR",".",".",".",".","0.08","0.066",".",".",".",".",".",".",".","."
"41460","Salina, KS",".",".",".",".",".",".",".",".",".",".",".",".",".","0.05"
"41500","Salinas, CA","3.2","0.9","29","5","0.07","0.054",".",".",".","46","8.5","76","28","."
"41540","Salisbury, MD-DE",".",".",".",".","0.08","0.068",".",".",".","15","6.1",".",".","."
"41620","Salt Lake City, UT","4.4","2.8","49","15","0.1","0.08",".",".",".","38","9.4","103","23","."
"41700","San Antonio-New Braunfels, TX","1.6","1.1","40","7","0.09","0.073",".",".",".","18","7.7","53","20","."
"41740","San Diego-Carlsbad, CA","1.8","1.3","48","15","0.1","0.08","1","0","0","29","13","54","26","0.02"
"41760","Sandpoint, ID",".",".",".",".",".",".",".",".",".",".",".","119","17","."
"41860","San Francisco-Oakland-Hayward, CA","3.6","3","59","17","0.1","0.069","20","4","1","82","14.4","102","21","."
"41940","San Jose-Sunnyvale-Santa Clara, CA","2.7","2.2","59","17","0.09","0.066","3","1","0","73","12.9","111","22","0.08"
"41980","San Juan-Carolina-Caguas, PR","14.3","9",".",".",".",".",".",".",".",".",".",".",".","."
"42020","San Luis Obispo-Paso Robles-Arroyo Grande, CA",".",".","31","5","0.08","0.071","1","0","0","29","8.8","123","29","."
"42100","Santa Cruz-Watsonville, CA",".",".",".",".","0.07","0.054",".",".",".","41","8.3",".",".","."
"42140","Santa Fe, NM",".",".",".",".","0.08","0.069",".",".",".","9","3.8",".",".","."
"42200","Santa Maria-Santa Barbara, CA","2.3","0.8","23","6","0.08","0.063","2","1","0","20","8.6","103","25","."
"42220","Santa Rosa, CA","1.4","1.2","41","4","0.07","0.055",".",".",".","65","8.3","205","18","."
"42300","Sault Ste. Marie, MI",".",".",".",".","0.06","0.054",".",".",".",".",".",".",".","."
"42340","Savannah, GA",".",".",".",".","0.07","0.058","41","17","1","17","6.9",".",".","."
"42380","Sayre, PA",".",".","17","2","0.07","0.064",".",".",".",".",".",".",".","."
"42420","Scottsbluff, NE",".",".",".",".",".",".",".",".",".","18","6.3",".",".","."
"42540","Scranton--Wilkes-Barre--Hazleton, PA","1.3","1","39","8","0.08","0.067","3","2","0",".",".","32","12","."
"42660","Seattle-Tacoma-Bellevue, WA","1.4","1.2","64","20","0.1","0.077","8","3","1","42","9.3",".",".","."
"42680","Sebastian-Vero Beach, FL",".",".",".",".","0.08","0.064",".",".",".",".",".",".",".","."
"42700","Sebring, FL",".",".",".",".","0.08","0.06",".",".",".",".",".",".",".","."
"42860","Seneca, SC",".",".",".",".","0.07","0.062","1","1","0","14","5.7",".",".","."
"42900","Seneca Falls, NY",".",".",".",".",".",".","2","1","0",".",".",".",".","."
"42940","Sevierville, TN",".",".",".",".","0.08","0.067",".",".",".",".",".",".",".","."
"42980","Seymour, IN",".",".",".",".","0.07","0.065",".",".",".",".",".",".",".","."
"43100","Sheboygan, WI",".",".",".",".","0.11","0.083",".",".",".",".",".",".",".","0.02"
"43260","Sheridan, WY",".",".",".",".","0.09","0.069",".",".",".","21","7.4","55","17","."
"43320","Show Low, AZ",".",".",".",".","0.08","0.069",".",".",".",".",".",".",".","."
"43340","Shreveport-Bossier City, LA",".",".",".",".","0.08","0.066","11","3","1","43","10.7","115","18","."
"43420","Sierra Vista-Douglas, AZ",".",".",".",".","0.07","0.067",".",".",".","12","5.6","88","26","."
"43580","Sioux City, IA-NE-SD",".",".","18","2","0.08","0.068","3","1","1","20","8.3","120","18","."
"43620","Sioux Falls, SD","0.8","0.5","34","5","0.08","0.069","3","1","0","17","7.6","58","13","."
"43700","Somerset, KY",".",".",".",".","0.07","0.06",".",".",".","16","7.5",".",".","."
"43740","Somerset, PA",".",".",".",".","0.07","0.063",".",".",".",".",".",".",".","."
"43760","Sonora, CA",".",".",".",".","0.1","0.084",".",".",".",".",".",".",".","."
"43780","South Bend-Mishawaka, IN-MI",".",".","39","10","0.08","0.075",".",".",".","22","9.9",".",".","."
"43900","Spartanburg, SC",".",".",".",".","0.07","0.062",".",".",".",".",".",".",".","."
"44060","Spokane-Spokane Valley, WA",".",".",".",".","0.08","0.072",".",".",".","50","10.3","180","24","."
"44100","Springfield, IL",".",".",".",".","0.08","0.069",".",".",".","20","9.5",".",".","."
"44140","Springfield, MA","1.4","0.9","37","5","0.08","0.07",".",".",".",".",".",".",".","."
"44180","Springfield, MO",".",".",".",".","0.07","0.065",".",".",".","18","7.6",".",".","."
"44220","Springfield, OH",".",".",".",".","0.08","0.071","4","2","0","19","8.6",".",".","."
"44300","State College, PA",".",".",".","2","0.07","0.064","5","2","0",".",".",".",".","."
"44460","Steamboat Springs, CO",".",".",".",".",".",".",".",".",".",".",".","53","18","."
"44700","Stockton-Lodi, CA","3","2.4","58","12","0.09","0.075",".",".",".","97","17.6","212","30","."
"44900","Summerville, GA",".",".",".",".","0.07","0.059",".",".",".",".",".",".",".","."
"45060","Syracuse, NY",".",".",".",".","0.08","0.067","2","1","0","17","5.9",".",".","."
"45220","Tallahassee, FL","1.5","0.7",".",".","0.07","0.06",".",".",".","17","7.4",".",".","."
"45300","Tampa-St. Petersburg-Clearwater, FL","1.3","0.9","31","10","0.09","0.07","37","11","1","15","6.9","52","23","0.11"
"45340","Taos, NM",".",".",".",".",".",".",".",".",".","15","6.3",".",".","."
"45460","Terre Haute, IN",".",".",".",".","0.08","0.069","4","3","1","24","9.2","33","16","."
"45500","Texarkana, TX-AR",".",".",".",".",".",".",".",".",".","21","9.4",".",".","."
"45520","The Dalles, OR",".",".",".",".","0.06","0.053",".",".",".",".",".",".",".","."
"45780","Toledo, OH",".",".",".",".","0.09","0.078","32","9","1","22","8.9",".",".","0.09"
"45820","Topeka, KS",".",".",".",".","0.07","0.062",".",".",".","25","9.7","61","17","."
"45860","Torrington, CT","0.4","0.3",".",".","0.09","0.071","3","1","0","13","4.2",".",".","."
"45900","Traverse City, MI",".",".",".",".","0.08","0.069",".",".",".",".",".",".",".","."
"45940","Trenton, NJ",".",".",".",".","0.09","0.077",".",".",".","18","7.8",".",".","."
"45980","Troy, AL",".",".",".",".",".",".",".",".",".",".",".",".",".","0.11"
"46020","Truckee-Grass Valley, CA",".",".",".",".","0.11","0.095",".",".",".","46","7",".",".","."
"46060","Tucson, AZ","1.6","0.9","41","8","0.08","0.071","2","1","0","12","5.9","206","43","."
"46140","Tulsa, OK","1.4","1","39","7","0.1","0.073","8","4","1","27","11.6","59","19","0.01"
"46180","Tupelo, MS",".",".",".",".","0.07","0.06",".",".",".",".",".",".",".","."
"46220","Tuscaloosa, AL",".",".",".",".","0.07","0.063",".",".",".","17","7.7",".",".","."
"46340","Tyler, TX",".",".","12","2","0.08","0.069",".",".",".",".",".",".",".","."
"46380","Ukiah, CA",".",".",".",".","0.07","0.053",".",".",".","60","11.3","152","15","."
"46520","Urban Honolulu, HI","3.2","2.5","27","4","0.06","0.049","38","8","1","10","4.3","31","14","0"
"46540","Utica-Rome, NY",".",".",".",".","0.07","0.064",".",".",".",".",".",".",".","."
"46660","Valdosta, GA",".",".",".",".",".",".",".",".",".","17","6.9",".",".","."
"46700","Vallejo-Fairfield, CA","2.7","2.1",".","8","0.07","0.061",".",".",".","83","13.4","105","16","."
"46860","Vernal, UT","1.6","1.6","21","4","0.08","0.069",".",".",".","19","5.6",".",".","."
"47020","Victoria, TX",".",".",".",".","0.08","0.066",".",".",".",".",".",".",".","."
"47180","Vincennes, IN",".",".",".",".","0.08","0.071",".",".",".",".",".",".",".","."
"47220","Vineland-Bridgeton, NJ",".",".","32","5","0.07","0.063",".",".",".",".",".",".",".","."
"47240","Vineyard Haven, MA",".",".",".",".","0.08","0.068",".",".",".",".",".",".",".","."
"47260","Virginia Beach-Norfolk-Newport News, VA-NC","1.4","1","38","7","0.07","0.063","21","6","1","14","6.6","21","11","."
"47300","Visalia-Porterville, CA",".",".","53","11","0.11","0.091",".",".",".","63","17.3","152","51","."
"47340","Wabash, IN",".",".",".",".","0.08","0.076",".",".",".",".",".",".",".","."
"47380","Waco, TX","0.5","0.4",".",".","0.07","0.068",".",".",".",".",".",".",".","."
"47460","Walla Walla, WA",".",".",".",".",".",".",".",".",".",".",".","186","14","."
"47500","Walterboro, SC",".",".",".",".","0.06","0.056",".",".",".",".",".",".",".","."
"47580","Warner Robins, GA",".",".",".",".",".",".",".",".",".","17","7.1",".",".","."
"47620","Warren, PA",".",".",".",".",".",".","30","17","1",".",".",".",".","."
"47780","Washington, IN",".",".",".",".",".",".","13","3","0",".",".",".",".","."
"47900","Washington-Arlington-Alexandria, DC-VA-MD-WV","2.1","1.9","49","15","0.11","0.073","5","3","1","23","9.5","40","16","."
"47920","Washington Court House, OH",".",".",".",".","0.07","0.063",".",".",".",".",".",".",".","."
"47940","Waterloo-Cedar Falls, IA",".",".",".",".","0.08","0.069",".",".",".","20","8.2",".",".","."
"47980","Watertown, SD",".",".",".",".",".",".",".",".",".","16","7.7","86","23","."
"48020","Watertown-Fort Atkinson, WI",".",".",".",".","0.08","0.068",".",".",".",".",".",".",".","."
"48060","Watertown-Fort Drum, NY",".",".",".",".","0.07",".",".",".",".",".",".",".",".","."
"48140","Wausau, WI",".",".",".",".","0.07","0.065",".",".",".",".",".",".",".","."
"48220","Weatherford, OK",".",".",".",".",".",".",".",".",".",".",".","84","20","."
"48260","Weirton-Steubenville, WV-OH",".",".",".",".","0.08","0.068","48","18","3","20","8.8","46","15","."
"48300","Wenatchee, WA",".",".",".",".",".",".","1","1","0",".",".",".",".","."
"48540","Wheeling, WV-OH","0.8","0.6","32","8","0.08","0.066","9","3","2","20","9","52","20","."
"48580","Whitewater-Elkhorn, WI",".",".",".",".","0.08","0.07",".",".",".",".",".",".",".","."
"48620","Wichita, KS",".",".","40","8","0.08","0.067","4","2","1","20","8.2","86","31","."
"48700","Williamsport, PA",".",".",".",".","0.08","0.063",".",".",".",".",".",".",".","."
"48780","Williston, ND",".",".",".",".","0.07","0.061","63","19","2","23","6.1","51","11","."
"48900","Wilmington, NC",".",".",".",".","0.07","0.062",".",".",".","11","3.5",".",".","."
"48940","Wilmington, OH",".",".",".",".","0.08","0.067",".",".",".",".",".",".",".","."
"49020","Winchester, VA-WV",".",".",".",".","0.07","0.059",".",".",".","23","7.2","20","10","."
"49180","Winston-Salem, NC",".",".","35","7","0.08","0.067","5","2","0","22","9.3","30","13","."
"49340","Worcester, MA-CT","1.3","0.8",".",".","0.09","0.072","4","2","1","17","6.5",".",".","."
"49420","Yakima, WA",".",".",".",".",".",".",".",".",".","48","10.6","129","18","."
"49620","York-Hanover, PA","1.4","0.8",".",".","0.08","0.065","8","3","1",".",".",".",".","."
"49660","Youngstown-Warren-Boardman, OH-PA",".",".",".",".","0.08","0.071","5","2","0","16","7.5",".",".","."
"49700","Yuba City, CA","6.6","2.6","41","7","0.1","0.08",".",".",".","37","10.3","245","31","."
"49740","Yuma, AZ",".",".",".",".","0.09","0.074",".",".",".","26","8.7","227","42","."
